Analysis,File/Example,D,M(K),Precise,NEval,NApply,AvgEval,AvgApply,AvgMK,AvgK,AvgS,Time
dmcfae,analysis/benchmarks/benchmarks/ex1,0,1,1,92,36,1.0434782608695652,1.0,1.0,1.0,1.0,0.00084151
dmcfae,analysis/benchmarks/benchmarks/ex10,0,1,1,115,46,1.0434782608695652,1.0,1.0,1.0,1.0,0.001305205
dmcfae,analysis/benchmarks/benchmarks/ex11,0,1,1,130,52,1.0461538461538462,1.0,1.0,1.0,1.0,0.001087318
dmcfae,analysis/benchmarks/benchmarks/ex12,0,1,1,130,52,1.0461538461538462,1.0,1.0,1.0,1.0,0.001233531
dmcfae,analysis/benchmarks/benchmarks/ex13,0,1,1,145,58,1.0482758620689656,1.0,1.0,1.0,1.0,0.001202773
dmcfae,analysis/benchmarks/benchmarks/ex2,0,1,1,152,60,1.0460526315789473,1.0,1.0,1.0,1.0,0.001412885
dmcfae,analysis/benchmarks/benchmarks/ex201,0,1,0,147,60,1.0408163265306123,1.0,1.0,1.0185185185185186,1.1481481481481481,0.001376548
dmcfae,analysis/benchmarks/benchmarks/ex21,0,1,0,178,71,1.0449438202247192,1.0,1.0,1.0153846153846153,1.126984126984127,0.001808663
dmcfae,analysis/benchmarks/benchmarks/ex22,0,1,0,306,115,1.1045751633986929,1.1217391304347826,2.0,1.4554455445544554,1.1428571428571428,0.005361099
dmcfae,analysis/benchmarks/benchmarks/ex23,0,1,0,243,96,1.0987654320987654,1.125,2.0,1.5316455696202531,1.1304347826086956,0.004247392
dmcfae,analysis/benchmarks/benchmarks/ex3,0,1,1,203,81,1.0443349753694582,1.0,1.0,1.0,1.0,0.002722368
dmcfae,analysis/benchmarks/benchmarks/ex30,0,1,1,168,68,1.0416666666666667,1.0,1.0,1.0,1.0,0.003177667
dmcfae,analysis/benchmarks/benchmarks/ex31,0,1,1,264,104,1.0492424242424243,1.0,1.0,1.0,1.0,0.004297355
dmcfae,analysis/benchmarks/benchmarks/ex32,0,1,1,264,104,1.0492424242424243,1.0,1.0,1.0,1.0,0.002920216
dmcfae,analysis/benchmarks/benchmarks/ex33,0,1,1,253,101,1.0474308300395256,1.0,1.0,1.0,1.0,0.002872328
dmcfae,analysis/benchmarks/benchmarks/ex34,0,1,1,253,101,1.0474308300395256,1.0,1.0,1.0,1.0,0.002960391
dmcfae,analysis/benchmarks/benchmarks/ex4,0,1,1,203,81,1.0443349753694582,1.0,1.0,1.0,1.0,0.002629074
dmcfae,analysis/benchmarks/benchmarks/ex41,0,1,1,264,104,1.0492424242424243,1.0,1.0,1.0,1.0,0.003223522
dmcfae,analysis/benchmarks/benchmarks/ex42,0,1,1,264,104,1.0492424242424243,1.0,1.0,1.0,1.0,0.003449744
dmcfae,analysis/benchmarks/benchmarks/ex43,0,1,1,253,101,1.0474308300395256,1.0,1.0,1.0,1.0,0.003138173
dmcfae,analysis/benchmarks/benchmarks/ex44,0,1,1,253,101,1.0474308300395256,1.0,1.0,1.0,1.0,0.003203174
dmcfae,analysis/benchmarks/benchmarks/ex5,0,1,1,383,152,1.0496083550913837,1.0,1.0,1.0,1.0,0.005304794
dmcfae,analysis/benchmarks/benchmarks/ex51,0,1,1,383,152,1.0496083550913837,1.0,1.0,1.0,1.0,0.005200991
dmcfae,analysis/benchmarks/benchmarks/ex52,0,1,0,407,161,1.054054054054054,1.0062111801242235,1.0,1.0061349693251533,1.0671140939597314,0.005711643
dmcfae,analysis/benchmarks/benchmarks/get-set,0,1,0,558,219,1.096774193548387,1.1232876712328768,1.5714285714285714,1.0486111111111112,1.1416666666666666,0.012317635
dmcfae,analysis/benchmarks/benchmarks/sum1,0,1,1,169,67,1.047337278106509,1.0,1.0,1.0,1.0,0.002301453
dmcfae,analysis/benchmarks/benchmarks/sum1b,0,1,1,169,67,1.047337278106509,1.0,1.0,1.0,1.0,0.002236201
dmcfae,analysis/benchmarks/benchmarks/sum1c,0,1,1,172,68,1.0465116279069768,1.0,1.0,1.0,1.0,0.002330366
dmcfae,analysis/benchmarks/benchmarks/sum1d,0,1,1,172,68,1.0465116279069768,1.0,1.0,1.0,1.0,0.002302414
dmcfae,analysis/benchmarks/benchmarks/sum1x,0,1,1,169,67,1.047337278106509,1.0,1.0,1.0,1.0,0.002226383
dmcfae,analysis/benchmarks/benchmarks/sum2,0,1,0,225,87,1.0844444444444445,1.0689655172413792,1.3333333333333333,1.1,1.1884057971014492,0.003713506
dmcfae,analysis/benchmarks/benchmarks/sum2b,0,1,0,225,87,1.0888888888888888,1.0804597701149425,1.3333333333333333,1.1375,1.1884057971014492,0.003756086
dmcfae,analysis/benchmarks/benchmarks/sum2c,0,1,0,245,93,1.0938775510204082,1.086021505376344,1.3333333333333333,1.1097560975609757,1.1830985915492958,0.004441575
dmcfae,analysis/benchmarks/benchmarks/sum2d,0,1,0,245,93,1.0979591836734695,1.096774193548387,1.3333333333333333,1.146341463414634,1.1830985915492958,0.004314507
dmcfae,analysis/benchmarks/benchmarks/ex1,0,2,1,92,36,1.0434782608695652,1.0,1.0,1.0,1.0,0.001084774
dmcfae,analysis/benchmarks/benchmarks/ex10,0,2,1,115,46,1.0434782608695652,1.0,1.0,1.0,1.0,0.001062642
dmcfae,analysis/benchmarks/benchmarks/ex11,0,2,1,130,52,1.0461538461538462,1.0,1.0,1.0,1.0,0.001370025
dmcfae,analysis/benchmarks/benchmarks/ex12,0,2,1,130,52,1.0461538461538462,1.0,1.0,1.0,1.0,0.001260642
dmcfae,analysis/benchmarks/benchmarks/ex13,0,2,1,145,58,1.0482758620689656,1.0,1.0,1.0,1.0,0.001455304
dmcfae,analysis/benchmarks/benchmarks/ex2,0,2,1,152,60,1.0460526315789473,1.0,1.0,1.0,1.0,0.001800288
dmcfae,analysis/benchmarks/benchmarks/ex201,0,2,0,147,60,1.0408163265306123,1.0,1.0,1.0185185185185186,1.1481481481481481,0.001453551
dmcfae,analysis/benchmarks/benchmarks/ex21,0,2,0,178,71,1.0449438202247192,1.0,1.0,1.0153846153846153,1.126984126984127,0.00197831
dmcfae,analysis/benchmarks/benchmarks/ex22,0,2,0,356,139,1.050561797752809,1.0,1.0,1.017094017094017,1.1789473684210525,0.004694506
dmcfae,analysis/benchmarks/benchmarks/ex23,0,2,0,271,110,1.044280442804428,1.0,1.0,1.0229885057471264,1.2151898734177216,0.003539882
dmcfae,analysis/benchmarks/benchmarks/ex3,0,2,1,203,81,1.0443349753694582,1.0,1.0,1.0,1.0,0.002571987
dmcfae,analysis/benchmarks/benchmarks/ex30,0,2,1,168,68,1.0416666666666667,1.0,1.0,1.0,1.0,0.001933577
dmcfae,analysis/benchmarks/benchmarks/ex31,0,2,1,264,104,1.0492424242424243,1.0,1.0,1.0,1.0,0.00387132
dmcfae,analysis/benchmarks/benchmarks/ex32,0,2,1,264,104,1.0492424242424243,1.0,1.0,1.0,1.0,0.003963312
dmcfae,analysis/benchmarks/benchmarks/ex33,0,2,1,253,101,1.0474308300395256,1.0,1.0,1.0,1.0,0.002991299
dmcfae,analysis/benchmarks/benchmarks/ex34,0,2,1,253,101,1.0474308300395256,1.0,1.0,1.0,1.0,0.003014332
dmcfae,analysis/benchmarks/benchmarks/ex4,0,2,1,203,81,1.0443349753694582,1.0,1.0,1.0,1.0,0.002762072
dmcfae,analysis/benchmarks/benchmarks/ex41,0,2,1,264,104,1.0492424242424243,1.0,1.0,1.0,1.0,0.00356525
dmcfae,analysis/benchmarks/benchmarks/ex42,0,2,1,264,104,1.0492424242424243,1.0,1.0,1.0,1.0,0.003562635
dmcfae,analysis/benchmarks/benchmarks/ex43,0,2,1,253,101,1.0474308300395256,1.0,1.0,1.0,1.0,0.003478929
dmcfae,analysis/benchmarks/benchmarks/ex44,0,2,1,253,101,1.0474308300395256,1.0,1.0,1.0,1.0,0.003385114
dmcfae,analysis/benchmarks/benchmarks/ex5,0,2,1,383,152,1.0496083550913837,1.0,1.0,1.0,1.0,0.006021601
dmcfae,analysis/benchmarks/benchmarks/ex51,0,2,1,383,152,1.0496083550913837,1.0,1.0,1.0,1.0,0.005764141
dmcfae,analysis/benchmarks/benchmarks/ex52,0,2,1,416,165,1.0504807692307692,1.0,1.0,1.0,1.0,0.006704285
dmcfae,analysis/benchmarks/benchmarks/get-set,0,2,0,476,185,1.0777310924369747,1.0648648648648649,1.5714285714285714,1.0331491712707181,1.1111111111111112,0.012267662
dmcfae,analysis/benchmarks/benchmarks/sum1,0,2,1,169,67,1.047337278106509,1.0,1.0,1.0,1.0,0.002632129
dmcfae,analysis/benchmarks/benchmarks/sum1b,0,2,1,169,67,1.047337278106509,1.0,1.0,1.0,1.0,0.002565906
dmcfae,analysis/benchmarks/benchmarks/sum1c,0,2,1,172,68,1.0465116279069768,1.0,1.0,1.0,1.0,0.002608455
dmcfae,analysis/benchmarks/benchmarks/sum1d,0,2,1,172,68,1.0465116279069768,1.0,1.0,1.0,1.0,0.002587456
dmcfae,analysis/benchmarks/benchmarks/sum1x,0,2,1,169,67,1.047337278106509,1.0,1.0,1.0,1.0,0.002524449
dmcfae,analysis/benchmarks/benchmarks/sum2,0,2,1,250,98,1.052,1.0,1.0,1.0,1.0,0.004143338
dmcfae,analysis/benchmarks/benchmarks/sum2b,0,2,1,250,98,1.052,1.0,1.0,1.0,1.0,0.004137257
dmcfae,analysis/benchmarks/benchmarks/sum2c,0,2,1,256,100,1.05078125,1.0,1.0,1.0,1.0,0.00426761
dmcfae,analysis/benchmarks/benchmarks/sum2d,0,2,1,256,100,1.05078125,1.0,1.0,1.0,1.0,0.004456251
dmcfae,analysis/benchmarks/benchmarks/ex1,0,3,1,92,36,1.0434782608695652,1.0,1.0,1.0,1.0,0.000805943
dmcfae,analysis/benchmarks/benchmarks/ex10,0,3,1,115,46,1.0434782608695652,1.0,1.0,1.0,1.0,0.001103308
dmcfae,analysis/benchmarks/benchmarks/ex11,0,3,1,130,52,1.0461538461538462,1.0,1.0,1.0,1.0,0.00142059
dmcfae,analysis/benchmarks/benchmarks/ex12,0,3,1,130,52,1.0461538461538462,1.0,1.0,1.0,1.0,0.001484239
dmcfae,analysis/benchmarks/benchmarks/ex13,0,3,1,145,58,1.0482758620689656,1.0,1.0,1.0,1.0,0.00145831
dmcfae,analysis/benchmarks/benchmarks/ex2,0,3,1,152,60,1.0460526315789473,1.0,1.0,1.0,1.0,0.001754112
dmcfae,analysis/benchmarks/benchmarks/ex201,0,3,0,147,60,1.0408163265306123,1.0,1.0,1.0185185185185186,1.1481481481481481,0.001646872
dmcfae,analysis/benchmarks/benchmarks/ex21,0,3,0,178,71,1.0449438202247192,1.0,1.0,1.0153846153846153,1.126984126984127,0.002191868
dmcfae,analysis/benchmarks/benchmarks/ex22,0,3,0,356,139,1.050561797752809,1.0,1.0,1.017094017094017,1.1789473684210525,0.005025303
dmcfae,analysis/benchmarks/benchmarks/ex23,0,3,0,271,110,1.044280442804428,1.0,1.0,1.0229885057471264,1.2151898734177216,0.003684923
dmcfae,analysis/benchmarks/benchmarks/ex3,0,3,1,203,81,1.0443349753694582,1.0,1.0,1.0,1.0,0.002579622
dmcfae,analysis/benchmarks/benchmarks/ex30,0,3,1,168,68,1.0416666666666667,1.0,1.0,1.0,1.0,0.001949536
dmcfae,analysis/benchmarks/benchmarks/ex31,0,3,1,264,104,1.0492424242424243,1.0,1.0,1.0,1.0,0.003566543
dmcfae,analysis/benchmarks/benchmarks/ex32,0,3,1,264,104,1.0492424242424243,1.0,1.0,1.0,1.0,0.003609052
dmcfae,analysis/benchmarks/benchmarks/ex33,0,3,1,253,101,1.0474308300395256,1.0,1.0,1.0,1.0,0.002971823
dmcfae,analysis/benchmarks/benchmarks/ex34,0,3,1,253,101,1.0474308300395256,1.0,1.0,1.0,1.0,0.003054277
dmcfae,analysis/benchmarks/benchmarks/ex4,0,3,1,203,81,1.0443349753694582,1.0,1.0,1.0,1.0,0.002875603
dmcfae,analysis/benchmarks/benchmarks/ex41,0,3,1,264,104,1.0492424242424243,1.0,1.0,1.0,1.0,0.003756407
dmcfae,analysis/benchmarks/benchmarks/ex42,0,3,1,264,104,1.0492424242424243,1.0,1.0,1.0,1.0,0.00370514
dmcfae,analysis/benchmarks/benchmarks/ex43,0,3,1,253,101,1.0474308300395256,1.0,1.0,1.0,1.0,0.003401424
dmcfae,analysis/benchmarks/benchmarks/ex44,0,3,1,253,101,1.0474308300395256,1.0,1.0,1.0,1.0,0.003373983
dmcfae,analysis/benchmarks/benchmarks/ex5,0,3,1,383,152,1.0496083550913837,1.0,1.0,1.0,1.0,0.006235661
dmcfae,analysis/benchmarks/benchmarks/ex51,0,3,1,383,152,1.0496083550913837,1.0,1.0,1.0,1.0,0.006204753
dmcfae,analysis/benchmarks/benchmarks/ex52,0,3,1,416,165,1.0504807692307692,1.0,1.0,1.0,1.0,0.006968418
dmcfae,analysis/benchmarks/benchmarks/get-set,0,3,0,565,220,1.0867256637168141,1.0818181818181818,1.5714285714285714,1.0182648401826484,1.132183908045977,0.015721573
dmcfae,analysis/benchmarks/benchmarks/sum1,0,3,1,169,67,1.047337278106509,1.0,1.0,1.0,1.0,0.002698493
dmcfae,analysis/benchmarks/benchmarks/sum1b,0,3,1,169,67,1.047337278106509,1.0,1.0,1.0,1.0,0.002629063
dmcfae,analysis/benchmarks/benchmarks/sum1c,0,3,1,172,68,1.0465116279069768,1.0,1.0,1.0,1.0,0.002674078
dmcfae,analysis/benchmarks/benchmarks/sum1d,0,3,1,172,68,1.0465116279069768,1.0,1.0,1.0,1.0,0.002628873
dmcfae,analysis/benchmarks/benchmarks/sum1x,0,3,1,169,67,1.047337278106509,1.0,1.0,1.0,1.0,0.002577547
dmcfae,analysis/benchmarks/benchmarks/sum2,0,3,1,250,98,1.052,1.0,1.0,1.0,1.0,0.004459057
dmcfae,analysis/benchmarks/benchmarks/sum2b,0,3,1,250,98,1.052,1.0,1.0,1.0,1.0,0.004427959
dmcfae,analysis/benchmarks/benchmarks/sum2c,0,3,1,256,100,1.05078125,1.0,1.0,1.0,1.0,0.004591904
dmcfae,analysis/benchmarks/benchmarks/sum2d,0,3,1,256,100,1.05078125,1.0,1.0,1.0,1.0,0.004556368
dmcfae,analysis/benchmarks/benchmarks/ex1,0,4,1,92,36,1.0434782608695652,1.0,1.0,1.0,1.0,0.001110802
dmcfae,analysis/benchmarks/benchmarks/ex10,0,4,1,115,46,1.0434782608695652,1.0,1.0,1.0,1.0,0.001114178
dmcfae,analysis/benchmarks/benchmarks/ex11,0,4,1,130,52,1.0461538461538462,1.0,1.0,1.0,1.0,0.001425038
dmcfae,analysis/benchmarks/benchmarks/ex12,0,4,1,130,52,1.0461538461538462,1.0,1.0,1.0,1.0,0.001337144
dmcfae,analysis/benchmarks/benchmarks/ex13,0,4,1,145,58,1.0482758620689656,1.0,1.0,1.0,1.0,0.001518241
dmcfae,analysis/benchmarks/benchmarks/ex2,0,4,1,152,60,1.0460526315789473,1.0,1.0,1.0,1.0,0.001791291
dmcfae,analysis/benchmarks/benchmarks/ex201,0,4,0,147,60,1.0408163265306123,1.0,1.0,1.0185185185185186,1.1481481481481481,0.00169911
dmcfae,analysis/benchmarks/benchmarks/ex21,0,4,0,178,71,1.0449438202247192,1.0,1.0,1.0153846153846153,1.126984126984127,0.002018485
dmcfae,analysis/benchmarks/benchmarks/ex22,0,4,0,356,139,1.050561797752809,1.0,1.0,1.017094017094017,1.1789473684210525,0.005180252
dmcfae,analysis/benchmarks/benchmarks/ex23,0,4,0,271,110,1.044280442804428,1.0,1.0,1.0229885057471264,1.2151898734177216,0.003867954
dmcfae,analysis/benchmarks/benchmarks/ex3,0,4,1,203,81,1.0443349753694582,1.0,1.0,1.0,1.0,0.00261086
dmcfae,analysis/benchmarks/benchmarks/ex30,0,4,1,168,68,1.0416666666666667,1.0,1.0,1.0,1.0,0.001963542
dmcfae,analysis/benchmarks/benchmarks/ex31,0,4,1,264,104,1.0492424242424243,1.0,1.0,1.0,1.0,0.003595797
dmcfae,analysis/benchmarks/benchmarks/ex32,0,4,1,264,104,1.0492424242424243,1.0,1.0,1.0,1.0,0.003650058
dmcfae,analysis/benchmarks/benchmarks/ex33,0,4,1,253,101,1.0474308300395256,1.0,1.0,1.0,1.0,0.003023289
dmcfae,analysis/benchmarks/benchmarks/ex34,0,4,1,253,101,1.0474308300395256,1.0,1.0,1.0,1.0,0.003142121
dmcfae,analysis/benchmarks/benchmarks/ex4,0,4,1,203,81,1.0443349753694582,1.0,1.0,1.0,1.0,0.002978605
dmcfae,analysis/benchmarks/benchmarks/ex41,0,4,1,264,104,1.0492424242424243,1.0,1.0,1.0,1.0,0.003825936
dmcfae,analysis/benchmarks/benchmarks/ex42,0,4,1,264,104,1.0492424242424243,1.0,1.0,1.0,1.0,0.003752128
dmcfae,analysis/benchmarks/benchmarks/ex43,0,4,1,253,101,1.0474308300395256,1.0,1.0,1.0,1.0,0.003514084
dmcfae,analysis/benchmarks/benchmarks/ex44,0,4,1,253,101,1.0474308300395256,1.0,1.0,1.0,1.0,0.003499858
dmcfae,analysis/benchmarks/benchmarks/ex5,0,4,1,383,152,1.0496083550913837,1.0,1.0,1.0,1.0,0.00643905
dmcfae,analysis/benchmarks/benchmarks/ex51,0,4,1,383,152,1.0496083550913837,1.0,1.0,1.0,1.0,0.006146013
dmcfae,analysis/benchmarks/benchmarks/ex52,0,4,1,416,165,1.0504807692307692,1.0,1.0,1.0,1.0,0.006942358
dmcfae,analysis/benchmarks/benchmarks/get-set,0,4,0,644,252,1.0978260869565217,1.1031746031746033,1.25,1.0419847328244274,1.1386138613861385,0.01925855
dmcfae,analysis/benchmarks/benchmarks/sum1,0,4,1,169,67,1.047337278106509,1.0,1.0,1.0,1.0,0.00275022
dmcfae,analysis/benchmarks/benchmarks/sum1b,0,4,1,169,67,1.047337278106509,1.0,1.0,1.0,1.0,0.002614857
dmcfae,analysis/benchmarks/benchmarks/sum1c,0,4,1,172,68,1.0465116279069768,1.0,1.0,1.0,1.0,0.002689626
dmcfae,analysis/benchmarks/benchmarks/sum1d,0,4,1,172,68,1.0465116279069768,1.0,1.0,1.0,1.0,0.002654862
dmcfae,analysis/benchmarks/benchmarks/sum1x,0,4,1,169,67,1.047337278106509,1.0,1.0,1.0,1.0,0.002615568
dmcfae,analysis/benchmarks/benchmarks/sum2,0,4,1,250,98,1.052,1.0,1.0,1.0,1.0,0.004482701
dmcfae,analysis/benchmarks/benchmarks/sum2b,0,4,1,250,98,1.052,1.0,1.0,1.0,1.0,0.004452295
dmcfae,analysis/benchmarks/benchmarks/sum2c,0,4,1,256,100,1.05078125,1.0,1.0,1.0,1.0,0.00462123
dmcfae,analysis/benchmarks/benchmarks/sum2d,0,4,1,256,100,1.05078125,1.0,1.0,1.0,1.0,0.004624986
dmcfae,analysis/benchmarks/benchmarks/ex1,0,5,1,92,36,1.0434782608695652,1.0,1.0,1.0,1.0,0.000815301
dmcfae,analysis/benchmarks/benchmarks/ex10,0,5,1,115,46,1.0434782608695652,1.0,1.0,1.0,1.0,0.001323288
dmcfae,analysis/benchmarks/benchmarks/ex11,0,5,1,130,52,1.0461538461538462,1.0,1.0,1.0,1.0,0.001437982
dmcfae,analysis/benchmarks/benchmarks/ex12,0,5,1,130,52,1.0461538461538462,1.0,1.0,1.0,1.0,0.001331073
dmcfae,analysis/benchmarks/benchmarks/ex13,0,5,1,145,58,1.0482758620689656,1.0,1.0,1.0,1.0,0.001578835
dmcfae,analysis/benchmarks/benchmarks/ex2,0,5,1,152,60,1.0460526315789473,1.0,1.0,1.0,1.0,0.001891899
dmcfae,analysis/benchmarks/benchmarks/ex201,0,5,0,147,60,1.0408163265306123,1.0,1.0,1.0185185185185186,1.1481481481481481,0.001539832
dmcfae,analysis/benchmarks/benchmarks/ex21,0,5,0,178,71,1.0449438202247192,1.0,1.0,1.0153846153846153,1.126984126984127,0.002105256
dmcfae,analysis/benchmarks/benchmarks/ex22,0,5,0,356,139,1.050561797752809,1.0,1.0,1.017094017094017,1.1789473684210525,0.007174212
dmcfae,analysis/benchmarks/benchmarks/ex23,0,5,0,271,110,1.044280442804428,1.0,1.0,1.0229885057471264,1.2151898734177216,0.004071304
dmcfae,analysis/benchmarks/benchmarks/ex3,0,5,1,203,81,1.0443349753694582,1.0,1.0,1.0,1.0,0.002796275
dmcfae,analysis/benchmarks/benchmarks/ex30,0,5,1,168,68,1.0416666666666667,1.0,1.0,1.0,1.0,0.002013175
dmcfae,analysis/benchmarks/benchmarks/ex31,0,5,1,264,104,1.0492424242424243,1.0,1.0,1.0,1.0,0.003398148
dmcfae,analysis/benchmarks/benchmarks/ex32,0,5,1,264,104,1.0492424242424243,1.0,1.0,1.0,1.0,0.003425469
dmcfae,analysis/benchmarks/benchmarks/ex33,0,5,1,253,101,1.0474308300395256,1.0,1.0,1.0,1.0,0.003070216
dmcfae,analysis/benchmarks/benchmarks/ex34,0,5,1,253,101,1.0474308300395256,1.0,1.0,1.0,1.0,0.003143924
dmcfae,analysis/benchmarks/benchmarks/ex4,0,5,1,203,81,1.0443349753694582,1.0,1.0,1.0,1.0,0.002976101
dmcfae,analysis/benchmarks/benchmarks/ex41,0,5,1,264,104,1.0492424242424243,1.0,1.0,1.0,1.0,0.003873134
dmcfae,analysis/benchmarks/benchmarks/ex42,0,5,1,264,104,1.0492424242424243,1.0,1.0,1.0,1.0,0.003792764
dmcfae,analysis/benchmarks/benchmarks/ex43,0,5,1,253,101,1.0474308300395256,1.0,1.0,1.0,1.0,0.003382629
dmcfae,analysis/benchmarks/benchmarks/ex44,0,5,1,253,101,1.0474308300395256,1.0,1.0,1.0,1.0,0.0032546
dmcfae,analysis/benchmarks/benchmarks/ex5,0,5,1,383,152,1.0496083550913837,1.0,1.0,1.0,1.0,0.00597223
dmcfae,analysis/benchmarks/benchmarks/ex51,0,5,1,383,152,1.0496083550913837,1.0,1.0,1.0,1.0,0.005958594
dmcfae,analysis/benchmarks/benchmarks/ex52,0,5,1,416,165,1.0504807692307692,1.0,1.0,1.0,1.0,0.00698587
dmcfae,analysis/benchmarks/benchmarks/get-set,0,5,0,790,310,1.1253164556962025,1.1741935483870967,1.3333333333333333,1.0402684563758389,1.163716814159292,0.029138248
dmcfae,analysis/benchmarks/benchmarks/sum1,0,5,1,169,67,1.047337278106509,1.0,1.0,1.0,1.0,0.002638481
dmcfae,analysis/benchmarks/benchmarks/sum1b,0,5,1,169,67,1.047337278106509,1.0,1.0,1.0,1.0,0.002559014
dmcfae,analysis/benchmarks/benchmarks/sum1c,0,5,1,172,68,1.0465116279069768,1.0,1.0,1.0,1.0,0.00260556
dmcfae,analysis/benchmarks/benchmarks/sum1d,0,5,1,172,68,1.0465116279069768,1.0,1.0,1.0,1.0,0.002581616
dmcfae,analysis/benchmarks/benchmarks/sum1x,0,5,1,169,67,1.047337278106509,1.0,1.0,1.0,1.0,0.002553964
dmcfae,analysis/benchmarks/benchmarks/sum2,0,5,1,250,98,1.052,1.0,1.0,1.0,1.0,0.004398234
dmcfae,analysis/benchmarks/benchmarks/sum2b,0,5,1,250,98,1.052,1.0,1.0,1.0,1.0,0.004384849
dmcfae,analysis/benchmarks/benchmarks/sum2c,0,5,1,256,100,1.05078125,1.0,1.0,1.0,1.0,0.004493901
dmcfae,analysis/benchmarks/benchmarks/sum2d,0,5,1,256,100,1.05078125,1.0,1.0,1.0,1.0,0.004512918
dmcfae,analysis/benchmarks/benchmarks/ex1,0,6,1,92,36,1.0434782608695652,1.0,1.0,1.0,1.0,0.000791867
dmcfae,analysis/benchmarks/benchmarks/ex10,0,6,1,115,46,1.0434782608695652,1.0,1.0,1.0,1.0,0.001292461
dmcfae,analysis/benchmarks/benchmarks/ex11,0,6,1,130,52,1.0461538461538462,1.0,1.0,1.0,1.0,0.00141
dmcfae,analysis/benchmarks/benchmarks/ex12,0,6,1,130,52,1.0461538461538462,1.0,1.0,1.0,1.0,0.001300305
dmcfae,analysis/benchmarks/benchmarks/ex13,0,6,1,145,58,1.0482758620689656,1.0,1.0,1.0,1.0,0.001521508
dmcfae,analysis/benchmarks/benchmarks/ex2,0,6,1,152,60,1.0460526315789473,1.0,1.0,1.0,1.0,0.001772096
dmcfae,analysis/benchmarks/benchmarks/ex201,0,6,0,147,60,1.0408163265306123,1.0,1.0,1.0185185185185186,1.1481481481481481,0.001477395
dmcfae,analysis/benchmarks/benchmarks/ex21,0,6,0,178,71,1.0449438202247192,1.0,1.0,1.0153846153846153,1.126984126984127,0.002016181
dmcfae,analysis/benchmarks/benchmarks/ex22,0,6,0,356,139,1.050561797752809,1.0,1.0,1.017094017094017,1.1789473684210525,0.005182938
dmcfae,analysis/benchmarks/benchmarks/ex23,0,6,0,271,110,1.044280442804428,1.0,1.0,1.0229885057471264,1.2151898734177216,0.003568296
dmcfae,analysis/benchmarks/benchmarks/ex3,0,6,1,203,81,1.0443349753694582,1.0,1.0,1.0,1.0,0.002643861
dmcfae,analysis/benchmarks/benchmarks/ex30,0,6,1,168,68,1.0416666666666667,1.0,1.0,1.0,1.0,0.0019566
dmcfae,analysis/benchmarks/benchmarks/ex31,0,6,1,264,104,1.0492424242424243,1.0,1.0,1.0,1.0,0.00356522
dmcfae,analysis/benchmarks/benchmarks/ex32,0,6,1,264,104,1.0492424242424243,1.0,1.0,1.0,1.0,0.003364065
dmcfae,analysis/benchmarks/benchmarks/ex33,0,6,1,253,101,1.0474308300395256,1.0,1.0,1.0,1.0,0.003003442
dmcfae,analysis/benchmarks/benchmarks/ex34,0,6,1,253,101,1.0474308300395256,1.0,1.0,1.0,1.0,0.003105712
dmcfae,analysis/benchmarks/benchmarks/ex4,0,6,1,203,81,1.0443349753694582,1.0,1.0,1.0,1.0,0.002910468
dmcfae,analysis/benchmarks/benchmarks/ex41,0,6,1,264,104,1.0492424242424243,1.0,1.0,1.0,1.0,0.003741238
dmcfae,analysis/benchmarks/benchmarks/ex42,0,6,1,264,104,1.0492424242424243,1.0,1.0,1.0,1.0,0.003723505
dmcfae,analysis/benchmarks/benchmarks/ex43,0,6,1,253,101,1.0474308300395256,1.0,1.0,1.0,1.0,0.003247747
dmcfae,analysis/benchmarks/benchmarks/ex44,0,6,1,253,101,1.0474308300395256,1.0,1.0,1.0,1.0,0.003213464
dmcfae,analysis/benchmarks/benchmarks/ex5,0,6,1,383,152,1.0496083550913837,1.0,1.0,1.0,1.0,0.005920653
dmcfae,analysis/benchmarks/benchmarks/ex51,0,6,1,383,152,1.0496083550913837,1.0,1.0,1.0,1.0,0.006224991
dmcfae,analysis/benchmarks/benchmarks/ex52,0,6,1,416,165,1.0504807692307692,1.0,1.0,1.0,1.0,0.006902004
dmcfae,analysis/benchmarks/benchmarks/get-set,0,6,0,879,345,1.1331058020477816,1.191304347826087,1.3333333333333333,1.0389221556886228,1.180722891566265,0.033392753
dmcfae,analysis/benchmarks/benchmarks/sum1,0,6,1,169,67,1.047337278106509,1.0,1.0,1.0,1.0,0.00260594
dmcfae,analysis/benchmarks/benchmarks/sum1b,0,6,1,169,67,1.047337278106509,1.0,1.0,1.0,1.0,0.002480928
dmcfae,analysis/benchmarks/benchmarks/sum1c,0,6,1,172,68,1.0465116279069768,1.0,1.0,1.0,1.0,0.00255238
dmcfae,analysis/benchmarks/benchmarks/sum1d,0,6,1,172,68,1.0465116279069768,1.0,1.0,1.0,1.0,0.002526993
dmcfae,analysis/benchmarks/benchmarks/sum1x,0,6,1,169,67,1.047337278106509,1.0,1.0,1.0,1.0,0.002465629
dmcfae,analysis/benchmarks/benchmarks/sum2,0,6,1,250,98,1.052,1.0,1.0,1.0,1.0,0.004384438
dmcfae,analysis/benchmarks/benchmarks/sum2b,0,6,1,250,98,1.052,1.0,1.0,1.0,1.0,0.004237343
dmcfae,analysis/benchmarks/benchmarks/sum2c,0,6,1,256,100,1.05078125,1.0,1.0,1.0,1.0,0.004296754
dmcfae,analysis/benchmarks/benchmarks/sum2d,0,6,1,256,100,1.05078125,1.0,1.0,1.0,1.0,0.004318435
dmcfae,analysis/benchmarks/benchmarks/ex1,1,1,1,92,36,1.0434782608695652,1.0,1.0,1.0,1.0,0.001060608
dmcfae,analysis/benchmarks/benchmarks/ex10,1,1,1,115,46,1.0434782608695652,1.0,1.0,1.0,1.0,0.001024581
dmcfae,analysis/benchmarks/benchmarks/ex11,1,1,1,130,52,1.0461538461538462,1.0,1.0,1.0,1.0,0.001366038
dmcfae,analysis/benchmarks/benchmarks/ex12,1,1,1,130,52,1.0461538461538462,1.0,1.0,1.0,1.0,0.001145817
dmcfae,analysis/benchmarks/benchmarks/ex13,1,1,1,145,58,1.0482758620689656,1.0,1.0,1.0,1.0,0.001365297
dmcfae,analysis/benchmarks/benchmarks/ex2,1,1,1,152,60,1.0460526315789473,1.0,1.0,1.0,1.0,0.001565931
dmcfae,analysis/benchmarks/benchmarks/ex201,1,1,1,147,60,1.0408163265306123,1.0,1.0,1.0,1.0,0.001642093
dmcfae,analysis/benchmarks/benchmarks/ex21,1,1,1,178,71,1.0449438202247192,1.0,1.0,1.0,1.0,0.001835634
dmcfae,analysis/benchmarks/benchmarks/ex22,1,1,0,308,117,1.1103896103896105,1.1367521367521367,2.0,1.3666666666666667,1.1521739130434783,0.006572589
dmcfae,analysis/benchmarks/benchmarks/ex23,1,1,0,243,96,1.0987654320987654,1.125,2.0,1.4210526315789473,1.123456790123457,0.005058975
dmcfae,analysis/benchmarks/benchmarks/ex3,1,1,1,203,81,1.0443349753694582,1.0,1.0,1.0,1.0,0.00267009
dmcfae,analysis/benchmarks/benchmarks/ex30,1,1,1,168,68,1.0416666666666667,1.0,1.0,1.0,1.0,0.002016861
dmcfae,analysis/benchmarks/benchmarks/ex31,1,1,1,264,104,1.0492424242424243,1.0,1.0,1.0,1.0,0.003697977
dmcfae,analysis/benchmarks/benchmarks/ex32,1,1,1,264,104,1.0492424242424243,1.0,1.0,1.0,1.0,0.003701044
dmcfae,analysis/benchmarks/benchmarks/ex33,1,1,1,253,101,1.0474308300395256,1.0,1.0,1.0,1.0,0.003571932
dmcfae,analysis/benchmarks/benchmarks/ex34,1,1,1,253,101,1.0474308300395256,1.0,1.0,1.0,1.0,0.003424397
dmcfae,analysis/benchmarks/benchmarks/ex4,1,1,1,203,81,1.0443349753694582,1.0,1.0,1.0,1.0,0.002949131
dmcfae,analysis/benchmarks/benchmarks/ex41,1,1,1,264,104,1.0492424242424243,1.0,1.0,1.0,1.0,0.003959475
dmcfae,analysis/benchmarks/benchmarks/ex42,1,1,1,264,104,1.0492424242424243,1.0,1.0,1.0,1.0,0.004018405
dmcfae,analysis/benchmarks/benchmarks/ex43,1,1,1,253,101,1.0474308300395256,1.0,1.0,1.0,1.0,0.003786142
dmcfae,analysis/benchmarks/benchmarks/ex44,1,1,1,253,101,1.0474308300395256,1.0,1.0,1.0,1.0,0.003823682
dmcfae,analysis/benchmarks/benchmarks/ex5,1,1,1,383,152,1.0496083550913837,1.0,1.0,1.0,1.0,0.006849646
dmcfae,analysis/benchmarks/benchmarks/ex51,1,1,1,383,152,1.0496083550913837,1.0,1.0,1.0,1.0,0.006768034
dmcfae,analysis/benchmarks/benchmarks/ex52,1,1,0,407,161,1.054054054054054,1.0062111801242235,1.0,1.0061349693251533,1.0671140939597314,0.007234754
dmcfae,analysis/benchmarks/benchmarks/get-set,1,1,0,490,194,1.0693877551020408,1.056701030927835,1.3333333333333333,1.0340909090909092,1.0728476821192052,0.013314304
dmcfae,analysis/benchmarks/benchmarks/sum1,1,1,1,169,67,1.047337278106509,1.0,1.0,1.0,1.0,0.002601222
dmcfae,analysis/benchmarks/benchmarks/sum1b,1,1,1,169,67,1.047337278106509,1.0,1.0,1.0,1.0,0.002528917
dmcfae,analysis/benchmarks/benchmarks/sum1c,1,1,1,172,68,1.0465116279069768,1.0,1.0,1.0,1.0,0.002659581
dmcfae,analysis/benchmarks/benchmarks/sum1d,1,1,1,172,68,1.0465116279069768,1.0,1.0,1.0,1.0,0.002635776
dmcfae,analysis/benchmarks/benchmarks/sum1x,1,1,1,169,67,1.047337278106509,1.0,1.0,1.0,1.0,0.002529027
dmcfae,analysis/benchmarks/benchmarks/sum2,1,1,0,225,87,1.0755555555555556,1.0459770114942528,1.3333333333333333,1.0786516853932584,1.144736842105263,0.004375481
dmcfae,analysis/benchmarks/benchmarks/sum2b,1,1,0,225,87,1.08,1.0574712643678161,1.3333333333333333,1.1123595505617978,1.144736842105263,0.004366494
dmcfae,analysis/benchmarks/benchmarks/sum2c,1,1,0,245,93,1.0938775510204082,1.086021505376344,1.3333333333333333,1.1030927835051547,1.2,0.005167308
dmcfae,analysis/benchmarks/benchmarks/sum2d,1,1,0,245,93,1.0979591836734695,1.096774193548387,1.3333333333333333,1.134020618556701,1.2,0.005273336
dmcfae,analysis/benchmarks/benchmarks/ex1,1,2,1,92,36,1.0434782608695652,1.0,1.0,1.0,1.0,0.000978384
dmcfae,analysis/benchmarks/benchmarks/ex10,1,2,1,115,46,1.0434782608695652,1.0,1.0,1.0,1.0,0.001230105
dmcfae,analysis/benchmarks/benchmarks/ex11,1,2,1,130,52,1.0461538461538462,1.0,1.0,1.0,1.0,0.0016299
dmcfae,analysis/benchmarks/benchmarks/ex12,1,2,1,130,52,1.0461538461538462,1.0,1.0,1.0,1.0,0.001573124
dmcfae,analysis/benchmarks/benchmarks/ex13,1,2,1,145,58,1.0482758620689656,1.0,1.0,1.0,1.0,0.001660898
dmcfae,analysis/benchmarks/benchmarks/ex2,1,2,1,152,60,1.0460526315789473,1.0,1.0,1.0,1.0,0.001901807
dmcfae,analysis/benchmarks/benchmarks/ex201,1,2,1,147,60,1.0408163265306123,1.0,1.0,1.0,1.0,0.001890907
dmcfae,analysis/benchmarks/benchmarks/ex21,1,2,1,178,71,1.0449438202247192,1.0,1.0,1.0,1.0,0.002467913
dmcfae,analysis/benchmarks/benchmarks/ex22,1,2,1,356,139,1.050561797752809,1.0,1.0,1.0,1.0,0.005483978
dmcfae,analysis/benchmarks/benchmarks/ex23,1,2,1,271,110,1.044280442804428,1.0,1.0,1.0,1.0,0.004228747
dmcfae,analysis/benchmarks/benchmarks/ex3,1,2,1,203,81,1.0443349753694582,1.0,1.0,1.0,1.0,0.003338968
dmcfae,analysis/benchmarks/benchmarks/ex30,1,2,1,168,68,1.0416666666666667,1.0,1.0,1.0,1.0,0.002511104
dmcfae,analysis/benchmarks/benchmarks/ex31,1,2,1,264,104,1.0492424242424243,1.0,1.0,1.0,1.0,0.004812176
dmcfae,analysis/benchmarks/benchmarks/ex32,1,2,1,264,104,1.0492424242424243,1.0,1.0,1.0,1.0,0.004757353
dmcfae,analysis/benchmarks/benchmarks/ex33,1,2,1,253,101,1.0474308300395256,1.0,1.0,1.0,1.0,0.004156873
dmcfae,analysis/benchmarks/benchmarks/ex34,1,2,1,253,101,1.0474308300395256,1.0,1.0,1.0,1.0,0.004286264
dmcfae,analysis/benchmarks/benchmarks/ex4,1,2,1,203,81,1.0443349753694582,1.0,1.0,1.0,1.0,0.003674434
dmcfae,analysis/benchmarks/benchmarks/ex41,1,2,1,264,104,1.0492424242424243,1.0,1.0,1.0,1.0,0.005058635
dmcfae,analysis/benchmarks/benchmarks/ex42,1,2,1,264,104,1.0492424242424243,1.0,1.0,1.0,1.0,0.004849726
dmcfae,analysis/benchmarks/benchmarks/ex43,1,2,1,253,101,1.0474308300395256,1.0,1.0,1.0,1.0,0.00440138
dmcfae,analysis/benchmarks/benchmarks/ex44,1,2,1,253,101,1.0474308300395256,1.0,1.0,1.0,1.0,0.004572228
dmcfae,analysis/benchmarks/benchmarks/ex5,1,2,1,383,152,1.0496083550913837,1.0,1.0,1.0,1.0,0.008386933
dmcfae,analysis/benchmarks/benchmarks/ex51,1,2,1,383,152,1.0496083550913837,1.0,1.0,1.0,1.0,0.008076754
dmcfae,analysis/benchmarks/benchmarks/ex52,1,2,1,416,165,1.0504807692307692,1.0,1.0,1.0,1.0,0.008927973
dmcfae,analysis/benchmarks/benchmarks/get-set,1,2,0,523,205,1.0860420650095601,1.0878048780487806,1.3333333333333333,1.0473684210526315,1.0828025477707006,0.017969216
dmcfae,analysis/benchmarks/benchmarks/sum1,1,2,1,169,67,1.047337278106509,1.0,1.0,1.0,1.0,0.003192254
dmcfae,analysis/benchmarks/benchmarks/sum1b,1,2,1,169,67,1.047337278106509,1.0,1.0,1.0,1.0,0.003106895
dmcfae,analysis/benchmarks/benchmarks/sum1c,1,2,1,172,68,1.0465116279069768,1.0,1.0,1.0,1.0,0.003241276
dmcfae,analysis/benchmarks/benchmarks/sum1d,1,2,1,172,68,1.0465116279069768,1.0,1.0,1.0,1.0,0.003213153
dmcfae,analysis/benchmarks/benchmarks/sum1x,1,2,1,169,67,1.047337278106509,1.0,1.0,1.0,1.0,0.003101986
dmcfae,analysis/benchmarks/benchmarks/sum2,1,2,1,250,98,1.052,1.0,1.0,1.0,1.0,0.005199338
dmcfae,analysis/benchmarks/benchmarks/sum2b,1,2,1,250,98,1.052,1.0,1.0,1.0,1.0,0.005181414
dmcfae,analysis/benchmarks/benchmarks/sum2c,1,2,1,256,100,1.05078125,1.0,1.0,1.0,1.0,0.005504998
dmcfae,analysis/benchmarks/benchmarks/sum2d,1,2,1,256,100,1.05078125,1.0,1.0,1.0,1.0,0.005476375
dmcfae,analysis/benchmarks/benchmarks/ex1,1,3,1,92,36,1.0434782608695652,1.0,1.0,1.0,1.0,0.001271852
dmcfae,analysis/benchmarks/benchmarks/ex10,1,3,1,115,46,1.0434782608695652,1.0,1.0,1.0,1.0,0.001274267
dmcfae,analysis/benchmarks/benchmarks/ex11,1,3,1,130,52,1.0461538461538462,1.0,1.0,1.0,1.0,0.00174236
dmcfae,analysis/benchmarks/benchmarks/ex12,1,3,1,130,52,1.0461538461538462,1.0,1.0,1.0,1.0,0.001511109
dmcfae,analysis/benchmarks/benchmarks/ex13,1,3,1,145,58,1.0482758620689656,1.0,1.0,1.0,1.0,0.001855281
dmcfae,analysis/benchmarks/benchmarks/ex2,1,3,1,152,60,1.0460526315789473,1.0,1.0,1.0,1.0,0.002038272
dmcfae,analysis/benchmarks/benchmarks/ex201,1,3,1,147,60,1.0408163265306123,1.0,1.0,1.0,1.0,0.001861533
dmcfae,analysis/benchmarks/benchmarks/ex21,1,3,1,178,71,1.0449438202247192,1.0,1.0,1.0,1.0,0.00246593
dmcfae,analysis/benchmarks/benchmarks/ex22,1,3,1,356,139,1.050561797752809,1.0,1.0,1.0,1.0,0.00636416
dmcfae,analysis/benchmarks/benchmarks/ex23,1,3,1,271,110,1.044280442804428,1.0,1.0,1.0,1.0,0.004606292
dmcfae,analysis/benchmarks/benchmarks/ex3,1,3,1,203,81,1.0443349753694582,1.0,1.0,1.0,1.0,0.003604614
dmcfae,analysis/benchmarks/benchmarks/ex30,1,3,1,168,68,1.0416666666666667,1.0,1.0,1.0,1.0,0.002630166
dmcfae,analysis/benchmarks/benchmarks/ex31,1,3,1,264,104,1.0492424242424243,1.0,1.0,1.0,1.0,0.004858592
dmcfae,analysis/benchmarks/benchmarks/ex32,1,3,1,264,104,1.0492424242424243,1.0,1.0,1.0,1.0,0.004854775
dmcfae,analysis/benchmarks/benchmarks/ex33,1,3,1,253,101,1.0474308300395256,1.0,1.0,1.0,1.0,0.004525201
dmcfae,analysis/benchmarks/benchmarks/ex34,1,3,1,253,101,1.0474308300395256,1.0,1.0,1.0,1.0,0.004574192
dmcfae,analysis/benchmarks/benchmarks/ex4,1,3,1,203,81,1.0443349753694582,1.0,1.0,1.0,1.0,0.003640741
dmcfae,analysis/benchmarks/benchmarks/ex41,1,3,1,264,104,1.0492424242424243,1.0,1.0,1.0,1.0,0.005351021
dmcfae,analysis/benchmarks/benchmarks/ex42,1,3,1,264,104,1.0492424242424243,1.0,1.0,1.0,1.0,0.005185903
dmcfae,analysis/benchmarks/benchmarks/ex43,1,3,1,253,101,1.0474308300395256,1.0,1.0,1.0,1.0,0.004735253
dmcfae,analysis/benchmarks/benchmarks/ex44,1,3,1,253,101,1.0474308300395256,1.0,1.0,1.0,1.0,0.004691179
dmcfae,analysis/benchmarks/benchmarks/ex5,1,3,1,383,152,1.0496083550913837,1.0,1.0,1.0,1.0,0.00876616
dmcfae,analysis/benchmarks/benchmarks/ex51,1,3,1,383,152,1.0496083550913837,1.0,1.0,1.0,1.0,0.008833065
dmcfae,analysis/benchmarks/benchmarks/ex52,1,3,1,416,165,1.0504807692307692,1.0,1.0,1.0,1.0,0.009876893
dmcfae,analysis/benchmarks/benchmarks/get-set,1,3,0,612,240,1.1029411764705883,1.125,1.3333333333333333,1.0442477876106195,1.1166666666666667,0.025436384
dmcfae,analysis/benchmarks/benchmarks/sum1,1,3,1,169,67,1.047337278106509,1.0,1.0,1.0,1.0,0.003226108
dmcfae,analysis/benchmarks/benchmarks/sum1b,1,3,1,169,67,1.047337278106509,1.0,1.0,1.0,1.0,0.003144706
dmcfae,analysis/benchmarks/benchmarks/sum1c,1,3,1,172,68,1.0465116279069768,1.0,1.0,1.0,1.0,0.003198926
dmcfae,analysis/benchmarks/benchmarks/sum1d,1,3,1,172,68,1.0465116279069768,1.0,1.0,1.0,1.0,0.003196302
dmcfae,analysis/benchmarks/benchmarks/sum1x,1,3,1,169,67,1.047337278106509,1.0,1.0,1.0,1.0,0.003118326
dmcfae,analysis/benchmarks/benchmarks/sum2,1,3,1,250,98,1.052,1.0,1.0,1.0,1.0,0.005584547
dmcfae,analysis/benchmarks/benchmarks/sum2b,1,3,1,250,98,1.052,1.0,1.0,1.0,1.0,0.005719758
dmcfae,analysis/benchmarks/benchmarks/sum2c,1,3,1,256,100,1.05078125,1.0,1.0,1.0,1.0,0.005906316
dmcfae,analysis/benchmarks/benchmarks/sum2d,1,3,1,256,100,1.05078125,1.0,1.0,1.0,1.0,0.005796291
dmcfae,analysis/benchmarks/benchmarks/ex1,1,4,1,92,36,1.0434782608695652,1.0,1.0,1.0,1.0,0.000978235
dmcfae,analysis/benchmarks/benchmarks/ex10,1,4,1,115,46,1.0434782608695652,1.0,1.0,1.0,1.0,0.001550391
dmcfae,analysis/benchmarks/benchmarks/ex11,1,4,1,130,52,1.0461538461538462,1.0,1.0,1.0,1.0,0.001545112
dmcfae,analysis/benchmarks/benchmarks/ex12,1,4,1,130,52,1.0461538461538462,1.0,1.0,1.0,1.0,0.001646131
dmcfae,analysis/benchmarks/benchmarks/ex13,1,4,1,145,58,1.0482758620689656,1.0,1.0,1.0,1.0,0.001748692
dmcfae,analysis/benchmarks/benchmarks/ex2,1,4,1,152,60,1.0460526315789473,1.0,1.0,1.0,1.0,0.001947372
dmcfae,analysis/benchmarks/benchmarks/ex201,1,4,1,147,60,1.0408163265306123,1.0,1.0,1.0,1.0,0.00197835
dmcfae,analysis/benchmarks/benchmarks/ex21,1,4,1,178,71,1.0449438202247192,1.0,1.0,1.0,1.0,0.002598096
dmcfae,analysis/benchmarks/benchmarks/ex22,1,4,1,356,139,1.050561797752809,1.0,1.0,1.0,1.0,0.006691951
dmcfae,analysis/benchmarks/benchmarks/ex23,1,4,1,271,110,1.044280442804428,1.0,1.0,1.0,1.0,0.004837733
dmcfae,analysis/benchmarks/benchmarks/ex3,1,4,1,203,81,1.0443349753694582,1.0,1.0,1.0,1.0,0.003472367
dmcfae,analysis/benchmarks/benchmarks/ex30,1,4,1,168,68,1.0416666666666667,1.0,1.0,1.0,1.0,0.002530409
dmcfae,analysis/benchmarks/benchmarks/ex31,1,4,1,264,104,1.0492424242424243,1.0,1.0,1.0,1.0,0.005036665
dmcfae,analysis/benchmarks/benchmarks/ex32,1,4,1,264,104,1.0492424242424243,1.0,1.0,1.0,1.0,0.005045891
dmcfae,analysis/benchmarks/benchmarks/ex33,1,4,1,253,101,1.0474308300395256,1.0,1.0,1.0,1.0,0.004360924
dmcfae,analysis/benchmarks/benchmarks/ex34,1,4,1,253,101,1.0474308300395256,1.0,1.0,1.0,1.0,0.004492269
dmcfae,analysis/benchmarks/benchmarks/ex4,1,4,1,203,81,1.0443349753694582,1.0,1.0,1.0,1.0,0.003731611
dmcfae,analysis/benchmarks/benchmarks/ex41,1,4,1,264,104,1.0492424242424243,1.0,1.0,1.0,1.0,0.005198687
dmcfae,analysis/benchmarks/benchmarks/ex42,1,4,1,264,104,1.0492424242424243,1.0,1.0,1.0,1.0,0.005088431
dmcfae,analysis/benchmarks/benchmarks/ex43,1,4,1,253,101,1.0474308300395256,1.0,1.0,1.0,1.0,0.004850578
dmcfae,analysis/benchmarks/benchmarks/ex44,1,4,1,253,101,1.0474308300395256,1.0,1.0,1.0,1.0,0.004718781
dmcfae,analysis/benchmarks/benchmarks/ex5,1,4,1,383,152,1.0496083550913837,1.0,1.0,1.0,1.0,0.008783012
dmcfae,analysis/benchmarks/benchmarks/ex51,1,4,1,383,152,1.0496083550913837,1.0,1.0,1.0,1.0,0.008845799
dmcfae,analysis/benchmarks/benchmarks/ex52,1,4,1,416,165,1.0504807692307692,1.0,1.0,1.0,1.0,0.009705673
dmcfae,analysis/benchmarks/benchmarks/get-set,1,4,1,519,204,1.0558766859344895,1.0196078431372548,1.2,1.0260416666666667,1.0,0.019792566
dmcfae,analysis/benchmarks/benchmarks/sum1,1,4,1,169,67,1.047337278106509,1.0,1.0,1.0,1.0,0.003370216
dmcfae,analysis/benchmarks/benchmarks/sum1b,1,4,1,169,67,1.047337278106509,1.0,1.0,1.0,1.0,0.003292131
dmcfae,analysis/benchmarks/benchmarks/sum1c,1,4,1,172,68,1.0465116279069768,1.0,1.0,1.0,1.0,0.00335629
dmcfae,analysis/benchmarks/benchmarks/sum1d,1,4,1,172,68,1.0465116279069768,1.0,1.0,1.0,1.0,0.003331223
dmcfae,analysis/benchmarks/benchmarks/sum1x,1,4,1,169,67,1.047337278106509,1.0,1.0,1.0,1.0,0.003265601
dmcfae,analysis/benchmarks/benchmarks/sum2,1,4,1,250,98,1.052,1.0,1.0,1.0,1.0,0.005834663
dmcfae,analysis/benchmarks/benchmarks/sum2b,1,4,1,250,98,1.052,1.0,1.0,1.0,1.0,0.00589738
dmcfae,analysis/benchmarks/benchmarks/sum2c,1,4,1,256,100,1.05078125,1.0,1.0,1.0,1.0,0.005882933
dmcfae,analysis/benchmarks/benchmarks/sum2d,1,4,1,256,100,1.05078125,1.0,1.0,1.0,1.0,0.005861061
dmcfae,analysis/benchmarks/benchmarks/ex1,1,5,1,92,36,1.0434782608695652,1.0,1.0,1.0,1.0,0.000966803
dmcfae,analysis/benchmarks/benchmarks/ex10,1,5,1,115,46,1.0434782608695652,1.0,1.0,1.0,1.0,0.001529372
dmcfae,analysis/benchmarks/benchmarks/ex11,1,5,1,130,52,1.0461538461538462,1.0,1.0,1.0,1.0,0.001537839
dmcfae,analysis/benchmarks/benchmarks/ex12,1,5,1,130,52,1.0461538461538462,1.0,1.0,1.0,1.0,0.001606907
dmcfae,analysis/benchmarks/benchmarks/ex13,1,5,1,145,58,1.0482758620689656,1.0,1.0,1.0,1.0,0.00202138
dmcfae,analysis/benchmarks/benchmarks/ex2,1,5,1,152,60,1.0460526315789473,1.0,1.0,1.0,1.0,0.001886409
dmcfae,analysis/benchmarks/benchmarks/ex201,1,5,1,147,60,1.0408163265306123,1.0,1.0,1.0,1.0,0.001936813
dmcfae,analysis/benchmarks/benchmarks/ex21,1,5,1,178,71,1.0449438202247192,1.0,1.0,1.0,1.0,0.002544175
dmcfae,analysis/benchmarks/benchmarks/ex22,1,5,1,356,139,1.050561797752809,1.0,1.0,1.0,1.0,0.006693064
dmcfae,analysis/benchmarks/benchmarks/ex23,1,5,1,271,110,1.044280442804428,1.0,1.0,1.0,1.0,0.00482516
dmcfae,analysis/benchmarks/benchmarks/ex3,1,5,1,203,81,1.0443349753694582,1.0,1.0,1.0,1.0,0.003462248
dmcfae,analysis/benchmarks/benchmarks/ex30,1,5,1,168,68,1.0416666666666667,1.0,1.0,1.0,1.0,0.002554464
dmcfae,analysis/benchmarks/benchmarks/ex31,1,5,1,264,104,1.0492424242424243,1.0,1.0,1.0,1.0,0.004980139
dmcfae,analysis/benchmarks/benchmarks/ex32,1,5,1,264,104,1.0492424242424243,1.0,1.0,1.0,1.0,0.004997451
dmcfae,analysis/benchmarks/benchmarks/ex33,1,5,1,253,101,1.0474308300395256,1.0,1.0,1.0,1.0,0.004606543
dmcfae,analysis/benchmarks/benchmarks/ex34,1,5,1,253,101,1.0474308300395256,1.0,1.0,1.0,1.0,0.004375441
dmcfae,analysis/benchmarks/benchmarks/ex4,1,5,1,203,81,1.0443349753694582,1.0,1.0,1.0,1.0,0.003732923
dmcfae,analysis/benchmarks/benchmarks/ex41,1,5,1,264,104,1.0492424242424243,1.0,1.0,1.0,1.0,0.005210077
dmcfae,analysis/benchmarks/benchmarks/ex42,1,5,1,264,104,1.0492424242424243,1.0,1.0,1.0,1.0,0.00556515
dmcfae,analysis/benchmarks/benchmarks/ex43,1,5,1,253,101,1.0474308300395256,1.0,1.0,1.0,1.0,0.004747966
dmcfae,analysis/benchmarks/benchmarks/ex44,1,5,1,253,101,1.0474308300395256,1.0,1.0,1.0,1.0,0.004711648
dmcfae,analysis/benchmarks/benchmarks/ex5,1,5,1,383,152,1.0496083550913837,1.0,1.0,1.0,1.0,0.008807357
dmcfae,analysis/benchmarks/benchmarks/ex51,1,5,1,383,152,1.0496083550913837,1.0,1.0,1.0,1.0,0.008731246
dmcfae,analysis/benchmarks/benchmarks/ex52,1,5,1,416,165,1.0504807692307692,1.0,1.0,1.0,1.0,0.009663484
dmcfae,analysis/benchmarks/benchmarks/get-set,1,5,1,465,182,1.049462365591398,1.0,1.0,1.0,1.0,0.0153227
dmcfae,analysis/benchmarks/benchmarks/sum1,1,5,1,169,67,1.047337278106509,1.0,1.0,1.0,1.0,0.003341583
dmcfae,analysis/benchmarks/benchmarks/sum1b,1,5,1,169,67,1.047337278106509,1.0,1.0,1.0,1.0,0.003250653
dmcfae,analysis/benchmarks/benchmarks/sum1c,1,5,1,172,68,1.0465116279069768,1.0,1.0,1.0,1.0,0.003369255
dmcfae,analysis/benchmarks/benchmarks/sum1d,1,5,1,172,68,1.0465116279069768,1.0,1.0,1.0,1.0,0.003369074
dmcfae,analysis/benchmarks/benchmarks/sum1x,1,5,1,169,67,1.047337278106509,1.0,1.0,1.0,1.0,0.003251254
dmcfae,analysis/benchmarks/benchmarks/sum2,1,5,1,250,98,1.052,1.0,1.0,1.0,1.0,0.005898411
dmcfae,analysis/benchmarks/benchmarks/sum2b,1,5,1,250,98,1.052,1.0,1.0,1.0,1.0,0.005858687
dmcfae,analysis/benchmarks/benchmarks/sum2c,1,5,1,256,100,1.05078125,1.0,1.0,1.0,1.0,0.005971558
dmcfae,analysis/benchmarks/benchmarks/sum2d,1,5,1,256,100,1.05078125,1.0,1.0,1.0,1.0,0.005880979
dmcfae,analysis/benchmarks/benchmarks/ex1,1,6,1,92,36,1.0434782608695652,1.0,1.0,1.0,1.0,0.001258247
dmcfae,analysis/benchmarks/benchmarks/ex10,1,6,1,115,46,1.0434782608695652,1.0,1.0,1.0,1.0,0.001277553
dmcfae,analysis/benchmarks/benchmarks/ex11,1,6,1,130,52,1.0461538461538462,1.0,1.0,1.0,1.0,0.001729726
dmcfae,analysis/benchmarks/benchmarks/ex12,1,6,1,130,52,1.0461538461538462,1.0,1.0,1.0,1.0,0.001502443
dmcfae,analysis/benchmarks/benchmarks/ex13,1,6,1,145,58,1.0482758620689656,1.0,1.0,1.0,1.0,0.001819824
dmcfae,analysis/benchmarks/benchmarks/ex2,1,6,1,152,60,1.0460526315789473,1.0,1.0,1.0,1.0,0.002007975
dmcfae,analysis/benchmarks/benchmarks/ex201,1,6,1,147,60,1.0408163265306123,1.0,1.0,1.0,1.0,0.001864989
dmcfae,analysis/benchmarks/benchmarks/ex21,1,6,1,178,71,1.0449438202247192,1.0,1.0,1.0,1.0,0.002451423
dmcfae,analysis/benchmarks/benchmarks/ex22,1,6,1,356,139,1.050561797752809,1.0,1.0,1.0,1.0,0.00658405
dmcfae,analysis/benchmarks/benchmarks/ex23,1,6,1,271,110,1.044280442804428,1.0,1.0,1.0,1.0,0.004757363
dmcfae,analysis/benchmarks/benchmarks/ex3,1,6,1,203,81,1.0443349753694582,1.0,1.0,1.0,1.0,0.003580529
dmcfae,analysis/benchmarks/benchmarks/ex30,1,6,1,168,68,1.0416666666666667,1.0,1.0,1.0,1.0,0.002593347
dmcfae,analysis/benchmarks/benchmarks/ex31,1,6,1,264,104,1.0492424242424243,1.0,1.0,1.0,1.0,0.005099131
dmcfae,analysis/benchmarks/benchmarks/ex32,1,6,1,264,104,1.0492424242424243,1.0,1.0,1.0,1.0,0.004852511
dmcfae,analysis/benchmarks/benchmarks/ex33,1,6,1,253,101,1.0474308300395256,1.0,1.0,1.0,1.0,0.004477041
dmcfae,analysis/benchmarks/benchmarks/ex34,1,6,1,253,101,1.0474308300395256,1.0,1.0,1.0,1.0,0.004481859
dmcfae,analysis/benchmarks/benchmarks/ex4,1,6,1,203,81,1.0443349753694582,1.0,1.0,1.0,1.0,0.003812962
dmcfae,analysis/benchmarks/benchmarks/ex41,1,6,1,264,104,1.0492424242424243,1.0,1.0,1.0,1.0,0.005276652
dmcfae,analysis/benchmarks/benchmarks/ex42,1,6,1,264,104,1.0492424242424243,1.0,1.0,1.0,1.0,0.005169843
dmcfae,analysis/benchmarks/benchmarks/ex43,1,6,1,253,101,1.0474308300395256,1.0,1.0,1.0,1.0,0.004655283
dmcfae,analysis/benchmarks/benchmarks/ex44,1,6,1,253,101,1.0474308300395256,1.0,1.0,1.0,1.0,0.004611651
dmcfae,analysis/benchmarks/benchmarks/ex5,1,6,1,383,152,1.0496083550913837,1.0,1.0,1.0,1.0,0.008726957
dmcfae,analysis/benchmarks/benchmarks/ex51,1,6,1,383,152,1.0496083550913837,1.0,1.0,1.0,1.0,0.008698554
dmcfae,analysis/benchmarks/benchmarks/ex52,1,6,1,416,165,1.0504807692307692,1.0,1.0,1.0,1.0,0.009756428
dmcfae,analysis/benchmarks/benchmarks/get-set,1,6,1,465,182,1.049462365591398,1.0,1.0,1.0,1.0,0.015005749
dmcfae,analysis/benchmarks/benchmarks/sum1,1,6,1,169,67,1.047337278106509,1.0,1.0,1.0,1.0,0.003253348
dmcfae,analysis/benchmarks/benchmarks/sum1b,1,6,1,169,67,1.047337278106509,1.0,1.0,1.0,1.0,0.003140137
dmcfae,analysis/benchmarks/benchmarks/sum1c,1,6,1,172,68,1.0465116279069768,1.0,1.0,1.0,1.0,0.003199618
dmcfae,analysis/benchmarks/benchmarks/sum1d,1,6,1,172,68,1.0465116279069768,1.0,1.0,1.0,1.0,0.003166116
dmcfae,analysis/benchmarks/benchmarks/sum1x,1,6,1,169,67,1.047337278106509,1.0,1.0,1.0,1.0,0.003131591
dmcfae,analysis/benchmarks/benchmarks/sum2,1,6,1,250,98,1.052,1.0,1.0,1.0,1.0,0.006987132
dmcfae,analysis/benchmarks/benchmarks/sum2b,1,6,1,250,98,1.052,1.0,1.0,1.0,1.0,0.006683416
dmcfae,analysis/benchmarks/benchmarks/sum2c,1,6,1,256,100,1.05078125,1.0,1.0,1.0,1.0,0.006437186
dmcfae,analysis/benchmarks/benchmarks/sum2d,1,6,1,256,100,1.05078125,1.0,1.0,1.0,1.0,0.005861994
dmcfae,analysis/benchmarks/benchmarks/ex1,2,1,1,92,36,1.0434782608695652,1.0,1.0,1.0,1.0,0.000835388
dmcfae,analysis/benchmarks/benchmarks/ex10,2,1,1,115,46,1.0434782608695652,1.0,1.0,1.0,1.0,0.001277913
dmcfae,analysis/benchmarks/benchmarks/ex11,2,1,1,130,52,1.0461538461538462,1.0,1.0,1.0,1.0,0.001198305
dmcfae,analysis/benchmarks/benchmarks/ex12,2,1,1,130,52,1.0461538461538462,1.0,1.0,1.0,1.0,0.001284757
dmcfae,analysis/benchmarks/benchmarks/ex13,2,1,1,145,58,1.0482758620689656,1.0,1.0,1.0,1.0,0.001336783
dmcfae,analysis/benchmarks/benchmarks/ex2,2,1,1,152,60,1.0460526315789473,1.0,1.0,1.0,1.0,0.001552536
dmcfae,analysis/benchmarks/benchmarks/ex201,2,1,1,147,60,1.0408163265306123,1.0,1.0,1.0,1.0,0.001575919
dmcfae,analysis/benchmarks/benchmarks/ex21,2,1,1,178,71,1.0449438202247192,1.0,1.0,1.0,1.0,0.002092783
dmcfae,analysis/benchmarks/benchmarks/ex22,2,1,0,308,117,1.1103896103896105,1.1367521367521367,2.0,1.3666666666666667,1.1521739130434783,0.006664841
dmcfae,analysis/benchmarks/benchmarks/ex23,2,1,0,243,96,1.0987654320987654,1.125,2.0,1.4210526315789473,1.123456790123457,0.005269188
dmcfae,analysis/benchmarks/benchmarks/ex3,2,1,1,203,81,1.0443349753694582,1.0,1.0,1.0,1.0,0.003262916
dmcfae,analysis/benchmarks/benchmarks/ex30,2,1,1,168,68,1.0416666666666667,1.0,1.0,1.0,1.0,0.002392353
dmcfae,analysis/benchmarks/benchmarks/ex31,2,1,1,264,104,1.0492424242424243,1.0,1.0,1.0,1.0,0.004120796
dmcfae,analysis/benchmarks/benchmarks/ex32,2,1,1,264,104,1.0492424242424243,1.0,1.0,1.0,1.0,0.004253604
dmcfae,analysis/benchmarks/benchmarks/ex33,2,1,1,253,101,1.0474308300395256,1.0,1.0,1.0,1.0,0.004238435
dmcfae,analysis/benchmarks/benchmarks/ex34,2,1,1,253,101,1.0474308300395256,1.0,1.0,1.0,1.0,0.004225401
dmcfae,analysis/benchmarks/benchmarks/ex4,2,1,1,203,81,1.0443349753694582,1.0,1.0,1.0,1.0,0.00316861
dmcfae,analysis/benchmarks/benchmarks/ex41,2,1,1,264,104,1.0492424242424243,1.0,1.0,1.0,1.0,0.004497659
dmcfae,analysis/benchmarks/benchmarks/ex42,2,1,1,264,104,1.0492424242424243,1.0,1.0,1.0,1.0,0.004333542
dmcfae,analysis/benchmarks/benchmarks/ex43,2,1,1,253,101,1.0474308300395256,1.0,1.0,1.0,1.0,0.004293649
dmcfae,analysis/benchmarks/benchmarks/ex44,2,1,1,253,101,1.0474308300395256,1.0,1.0,1.0,1.0,0.004286605
dmcfae,analysis/benchmarks/benchmarks/ex5,2,1,1,383,152,1.0496083550913837,1.0,1.0,1.0,1.0,0.00788149
dmcfae,analysis/benchmarks/benchmarks/ex51,2,1,1,383,152,1.0496083550913837,1.0,1.0,1.0,1.0,0.007784569
dmcfae,analysis/benchmarks/benchmarks/ex52,2,1,0,407,161,1.054054054054054,1.0062111801242235,1.0,1.0061349693251533,1.0671140939597314,0.00841215
dmcfae,analysis/benchmarks/benchmarks/get-set,2,1,0,647,254,1.0788253477588872,1.0826771653543308,1.25,1.1083743842364533,1.0804597701149425,0.024473137
dmcfae,analysis/benchmarks/benchmarks/sum1,2,1,1,169,67,1.047337278106509,1.0,1.0,1.0,1.0,0.002748967
dmcfae,analysis/benchmarks/benchmarks/sum1b,2,1,1,169,67,1.047337278106509,1.0,1.0,1.0,1.0,0.002680941
dmcfae,analysis/benchmarks/benchmarks/sum1c,2,1,1,172,68,1.0465116279069768,1.0,1.0,1.0,1.0,0.002840729
dmcfae,analysis/benchmarks/benchmarks/sum1d,2,1,1,172,68,1.0465116279069768,1.0,1.0,1.0,1.0,0.002772772
dmcfae,analysis/benchmarks/benchmarks/sum1x,2,1,1,169,67,1.047337278106509,1.0,1.0,1.0,1.0,0.002623584
dmcfae,analysis/benchmarks/benchmarks/sum2,2,1,0,225,87,1.0755555555555556,1.0459770114942528,1.3333333333333333,1.0786516853932584,1.144736842105263,0.004474515
dmcfae,analysis/benchmarks/benchmarks/sum2b,2,1,0,225,87,1.08,1.0574712643678161,1.3333333333333333,1.1123595505617978,1.144736842105263,0.004479265
dmcfae,analysis/benchmarks/benchmarks/sum2c,2,1,0,245,93,1.0938775510204082,1.086021505376344,1.3333333333333333,1.1030927835051547,1.2,0.005288034
dmcfae,analysis/benchmarks/benchmarks/sum2d,2,1,0,245,93,1.0979591836734695,1.096774193548387,1.3333333333333333,1.134020618556701,1.2,0.005169923
dmcfae,analysis/benchmarks/benchmarks/ex1,2,2,1,92,36,1.0434782608695652,1.0,1.0,1.0,1.0,0.001260651
dmcfae,analysis/benchmarks/benchmarks/ex10,2,2,1,115,46,1.0434782608695652,1.0,1.0,1.0,1.0,0.001242357
dmcfae,analysis/benchmarks/benchmarks/ex11,2,2,1,130,52,1.0461538461538462,1.0,1.0,1.0,1.0,0.001685934
dmcfae,analysis/benchmarks/benchmarks/ex12,2,2,1,130,52,1.0461538461538462,1.0,1.0,1.0,1.0,0.001434465
dmcfae,analysis/benchmarks/benchmarks/ex13,2,2,1,145,58,1.0482758620689656,1.0,1.0,1.0,1.0,0.001754602
dmcfae,analysis/benchmarks/benchmarks/ex2,2,2,1,152,60,1.0460526315789473,1.0,1.0,1.0,1.0,0.001974163
dmcfae,analysis/benchmarks/benchmarks/ex201,2,2,1,147,60,1.0408163265306123,1.0,1.0,1.0,1.0,0.001770833
dmcfae,analysis/benchmarks/benchmarks/ex21,2,2,1,178,71,1.0449438202247192,1.0,1.0,1.0,1.0,0.002317923
dmcfae,analysis/benchmarks/benchmarks/ex22,2,2,1,356,139,1.050561797752809,1.0,1.0,1.0,1.0,0.00562459
dmcfae,analysis/benchmarks/benchmarks/ex23,2,2,1,271,110,1.044280442804428,1.0,1.0,1.0,1.0,0.004078808
dmcfae,analysis/benchmarks/benchmarks/ex3,2,2,1,203,81,1.0443349753694582,1.0,1.0,1.0,1.0,0.003720049
dmcfae,analysis/benchmarks/benchmarks/ex30,2,2,1,168,68,1.0416666666666667,1.0,1.0,1.0,1.0,0.002799372
dmcfae,analysis/benchmarks/benchmarks/ex31,2,2,1,264,104,1.0492424242424243,1.0,1.0,1.0,1.0,0.005075186
dmcfae,analysis/benchmarks/benchmarks/ex32,2,2,1,264,104,1.0492424242424243,1.0,1.0,1.0,1.0,0.005030833
dmcfae,analysis/benchmarks/benchmarks/ex33,2,2,1,253,101,1.0474308300395256,1.0,1.0,1.0,1.0,0.00503947
dmcfae,analysis/benchmarks/benchmarks/ex34,2,2,1,253,101,1.0474308300395256,1.0,1.0,1.0,1.0,0.005124207
dmcfae,analysis/benchmarks/benchmarks/ex4,2,2,1,203,81,1.0443349753694582,1.0,1.0,1.0,1.0,0.00397792
dmcfae,analysis/benchmarks/benchmarks/ex41,2,2,1,264,104,1.0492424242424243,1.0,1.0,1.0,1.0,0.005558477
dmcfae,analysis/benchmarks/benchmarks/ex42,2,2,1,264,104,1.0492424242424243,1.0,1.0,1.0,1.0,0.005380335
dmcfae,analysis/benchmarks/benchmarks/ex43,2,2,1,253,101,1.0474308300395256,1.0,1.0,1.0,1.0,0.005643306
dmcfae,analysis/benchmarks/benchmarks/ex44,2,2,1,253,101,1.0474308300395256,1.0,1.0,1.0,1.0,0.005186173
dmcfae,analysis/benchmarks/benchmarks/ex5,2,2,1,383,152,1.0496083550913837,1.0,1.0,1.0,1.0,0.009831818
dmcfae,analysis/benchmarks/benchmarks/ex51,2,2,1,383,152,1.0496083550913837,1.0,1.0,1.0,1.0,0.009744174
dmcfae,analysis/benchmarks/benchmarks/ex52,2,2,1,416,165,1.0504807692307692,1.0,1.0,1.0,1.0,0.010745362
dmcfae,analysis/benchmarks/benchmarks/get-set,2,2,0,700,273,1.0985714285714285,1.1245421245421245,1.25,1.1152073732718895,1.0888888888888888,0.034967841
dmcfae,analysis/benchmarks/benchmarks/sum1,2,2,1,169,67,1.047337278106509,1.0,1.0,1.0,1.0,0.00320078
dmcfae,analysis/benchmarks/benchmarks/sum1b,2,2,1,169,67,1.047337278106509,1.0,1.0,1.0,1.0,0.003119227
dmcfae,analysis/benchmarks/benchmarks/sum1c,2,2,1,172,68,1.0465116279069768,1.0,1.0,1.0,1.0,0.00329715
dmcfae,analysis/benchmarks/benchmarks/sum1d,2,2,1,172,68,1.0465116279069768,1.0,1.0,1.0,1.0,0.003254551
dmcfae,analysis/benchmarks/benchmarks/sum1x,2,2,1,169,67,1.047337278106509,1.0,1.0,1.0,1.0,0.004607394
dmcfae,analysis/benchmarks/benchmarks/sum2,2,2,1,250,98,1.052,1.0,1.0,1.0,1.0,0.005744905
dmcfae,analysis/benchmarks/benchmarks/sum2b,2,2,1,250,98,1.052,1.0,1.0,1.0,1.0,0.005422935
dmcfae,analysis/benchmarks/benchmarks/sum2c,2,2,1,256,100,1.05078125,1.0,1.0,1.0,1.0,0.005752229
dmcfae,analysis/benchmarks/benchmarks/sum2d,2,2,1,256,100,1.05078125,1.0,1.0,1.0,1.0,0.006029266
dmcfae,analysis/benchmarks/benchmarks/ex1,2,3,1,92,36,1.0434782608695652,1.0,1.0,1.0,1.0,0.001239332
dmcfae,analysis/benchmarks/benchmarks/ex10,2,3,1,115,46,1.0434782608695652,1.0,1.0,1.0,1.0,0.00127629
dmcfae,analysis/benchmarks/benchmarks/ex11,2,3,1,130,52,1.0461538461538462,1.0,1.0,1.0,1.0,0.001727062
dmcfae,analysis/benchmarks/benchmarks/ex12,2,3,1,130,52,1.0461538461538462,1.0,1.0,1.0,1.0,0.001490089
dmcfae,analysis/benchmarks/benchmarks/ex13,2,3,1,145,58,1.0482758620689656,1.0,1.0,1.0,1.0,0.00182265
dmcfae,analysis/benchmarks/benchmarks/ex2,2,3,1,152,60,1.0460526315789473,1.0,1.0,1.0,1.0,0.002019887
dmcfae,analysis/benchmarks/benchmarks/ex201,2,3,1,147,60,1.0408163265306123,1.0,1.0,1.0,1.0,0.001940058
dmcfae,analysis/benchmarks/benchmarks/ex21,2,3,1,178,71,1.0449438202247192,1.0,1.0,1.0,1.0,0.002495294
dmcfae,analysis/benchmarks/benchmarks/ex22,2,3,1,356,139,1.050561797752809,1.0,1.0,1.0,1.0,0.006284411
dmcfae,analysis/benchmarks/benchmarks/ex23,2,3,1,271,110,1.044280442804428,1.0,1.0,1.0,1.0,0.004486257
dmcfae,analysis/benchmarks/benchmarks/ex3,2,3,1,203,81,1.0443349753694582,1.0,1.0,1.0,1.0,0.003732201
dmcfae,analysis/benchmarks/benchmarks/ex30,2,3,1,168,68,1.0416666666666667,1.0,1.0,1.0,1.0,0.002795083
dmcfae,analysis/benchmarks/benchmarks/ex31,2,3,1,264,104,1.0492424242424243,1.0,1.0,1.0,1.0,0.005486794
dmcfae,analysis/benchmarks/benchmarks/ex32,2,3,1,264,104,1.0492424242424243,1.0,1.0,1.0,1.0,0.005208174
dmcfae,analysis/benchmarks/benchmarks/ex33,2,3,1,253,101,1.0474308300395256,1.0,1.0,1.0,1.0,0.005176806
dmcfae,analysis/benchmarks/benchmarks/ex34,2,3,1,253,101,1.0474308300395256,1.0,1.0,1.0,1.0,0.005314743
dmcfae,analysis/benchmarks/benchmarks/ex4,2,3,1,203,81,1.0443349753694582,1.0,1.0,1.0,1.0,0.004016833
dmcfae,analysis/benchmarks/benchmarks/ex41,2,3,1,264,104,1.0492424242424243,1.0,1.0,1.0,1.0,0.005682839
dmcfae,analysis/benchmarks/benchmarks/ex42,2,3,1,264,104,1.0492424242424243,1.0,1.0,1.0,1.0,0.005513524
dmcfae,analysis/benchmarks/benchmarks/ex43,2,3,1,253,101,1.0474308300395256,1.0,1.0,1.0,1.0,0.00537756
dmcfae,analysis/benchmarks/benchmarks/ex44,2,3,1,253,101,1.0474308300395256,1.0,1.0,1.0,1.0,0.005441339
dmcfae,analysis/benchmarks/benchmarks/ex5,2,3,1,383,152,1.0496083550913837,1.0,1.0,1.0,1.0,0.010198903
dmcfae,analysis/benchmarks/benchmarks/ex51,2,3,1,383,152,1.0496083550913837,1.0,1.0,1.0,1.0,0.010160431
dmcfae,analysis/benchmarks/benchmarks/ex52,2,3,1,416,165,1.0504807692307692,1.0,1.0,1.0,1.0,0.011295509
dmcfae,analysis/benchmarks/benchmarks/get-set,2,3,1,465,182,1.049462365591398,1.0,1.0,1.0,1.0,0.016890855
dmcfae,analysis/benchmarks/benchmarks/sum1,2,3,1,169,67,1.047337278106509,1.0,1.0,1.0,1.0,0.003187405
dmcfae,analysis/benchmarks/benchmarks/sum1b,2,3,1,169,67,1.047337278106509,1.0,1.0,1.0,1.0,0.003122735
dmcfae,analysis/benchmarks/benchmarks/sum1c,2,3,1,172,68,1.0465116279069768,1.0,1.0,1.0,1.0,0.003209907
dmcfae,analysis/benchmarks/benchmarks/sum1d,2,3,1,172,68,1.0465116279069768,1.0,1.0,1.0,1.0,0.003362752
dmcfae,analysis/benchmarks/benchmarks/sum1x,2,3,1,169,67,1.047337278106509,1.0,1.0,1.0,1.0,0.00330265
dmcfae,analysis/benchmarks/benchmarks/sum2,2,3,1,250,98,1.052,1.0,1.0,1.0,1.0,0.005783056
dmcfae,analysis/benchmarks/benchmarks/sum2b,2,3,1,250,98,1.052,1.0,1.0,1.0,1.0,0.005743833
dmcfae,analysis/benchmarks/benchmarks/sum2c,2,3,1,256,100,1.05078125,1.0,1.0,1.0,1.0,0.005849661
dmcfae,analysis/benchmarks/benchmarks/sum2d,2,3,1,256,100,1.05078125,1.0,1.0,1.0,1.0,0.005798184
dmcfae,analysis/benchmarks/benchmarks/ex1,2,4,1,92,36,1.0434782608695652,1.0,1.0,1.0,1.0,0.000963156
dmcfae,analysis/benchmarks/benchmarks/ex10,2,4,1,115,46,1.0434782608695652,1.0,1.0,1.0,1.0,0.001525375
dmcfae,analysis/benchmarks/benchmarks/ex11,2,4,1,130,52,1.0461538461538462,1.0,1.0,1.0,1.0,0.001517591
dmcfae,analysis/benchmarks/benchmarks/ex12,2,4,1,130,52,1.0461538461538462,1.0,1.0,1.0,1.0,0.001600174
dmcfae,analysis/benchmarks/benchmarks/ex13,2,4,1,145,58,1.0482758620689656,1.0,1.0,1.0,1.0,0.001729917
dmcfae,analysis/benchmarks/benchmarks/ex2,2,4,1,152,60,1.0460526315789473,1.0,1.0,1.0,1.0,0.001923347
dmcfae,analysis/benchmarks/benchmarks/ex201,2,4,1,147,60,1.0408163265306123,1.0,1.0,1.0,1.0,0.001953544
dmcfae,analysis/benchmarks/benchmarks/ex21,2,4,1,178,71,1.0449438202247192,1.0,1.0,1.0,1.0,0.002539106
dmcfae,analysis/benchmarks/benchmarks/ex22,2,4,1,356,139,1.050561797752809,1.0,1.0,1.0,1.0,0.006677886
dmcfae,analysis/benchmarks/benchmarks/ex23,2,4,1,271,110,1.044280442804428,1.0,1.0,1.0,1.0,0.004795033
dmcfae,analysis/benchmarks/benchmarks/ex3,2,4,1,203,81,1.0443349753694582,1.0,1.0,1.0,1.0,0.003624921
dmcfae,analysis/benchmarks/benchmarks/ex30,2,4,1,168,68,1.0416666666666667,1.0,1.0,1.0,1.0,0.002767151
dmcfae,analysis/benchmarks/benchmarks/ex31,2,4,1,264,104,1.0492424242424243,1.0,1.0,1.0,1.0,0.005424257
dmcfae,analysis/benchmarks/benchmarks/ex32,2,4,1,264,104,1.0492424242424243,1.0,1.0,1.0,1.0,0.005420731
dmcfae,analysis/benchmarks/benchmarks/ex33,2,4,1,253,101,1.0474308300395256,1.0,1.0,1.0,1.0,0.005069015
dmcfae,analysis/benchmarks/benchmarks/ex34,2,4,1,253,101,1.0474308300395256,1.0,1.0,1.0,1.0,0.005255793
dmcfae,analysis/benchmarks/benchmarks/ex4,2,4,1,203,81,1.0443349753694582,1.0,1.0,1.0,1.0,0.003962691
dmcfae,analysis/benchmarks/benchmarks/ex41,2,4,1,264,104,1.0492424242424243,1.0,1.0,1.0,1.0,0.005581751
dmcfae,analysis/benchmarks/benchmarks/ex42,2,4,1,264,104,1.0492424242424243,1.0,1.0,1.0,1.0,0.005740327
dmcfae,analysis/benchmarks/benchmarks/ex43,2,4,1,253,101,1.0474308300395256,1.0,1.0,1.0,1.0,0.005505458
dmcfae,analysis/benchmarks/benchmarks/ex44,2,4,1,253,101,1.0474308300395256,1.0,1.0,1.0,1.0,0.005528973
dmcfae,analysis/benchmarks/benchmarks/ex5,2,4,1,383,152,1.0496083550913837,1.0,1.0,1.0,1.0,0.010264424
dmcfae,analysis/benchmarks/benchmarks/ex51,2,4,1,383,152,1.0496083550913837,1.0,1.0,1.0,1.0,0.010262612
dmcfae,analysis/benchmarks/benchmarks/ex52,2,4,1,416,165,1.0504807692307692,1.0,1.0,1.0,1.0,0.01131256
dmcfae,analysis/benchmarks/benchmarks/get-set,2,4,1,465,182,1.049462365591398,1.0,1.0,1.0,1.0,0.01770299
dmcfae,analysis/benchmarks/benchmarks/sum1,2,4,1,169,67,1.047337278106509,1.0,1.0,1.0,1.0,0.003274407
dmcfae,analysis/benchmarks/benchmarks/sum1b,2,4,1,169,67,1.047337278106509,1.0,1.0,1.0,1.0,0.003246134
dmcfae,analysis/benchmarks/benchmarks/sum1c,2,4,1,172,68,1.0465116279069768,1.0,1.0,1.0,1.0,0.003344148
dmcfae,analysis/benchmarks/benchmarks/sum1d,2,4,1,172,68,1.0465116279069768,1.0,1.0,1.0,1.0,0.003249291
dmcfae,analysis/benchmarks/benchmarks/sum1x,2,4,1,169,67,1.047337278106509,1.0,1.0,1.0,1.0,0.003171075
dmcfae,analysis/benchmarks/benchmarks/sum2,2,4,1,250,98,1.052,1.0,1.0,1.0,1.0,0.005761847
dmcfae,analysis/benchmarks/benchmarks/sum2b,2,4,1,250,98,1.052,1.0,1.0,1.0,1.0,0.005724057
dmcfae,analysis/benchmarks/benchmarks/sum2c,2,4,1,256,100,1.05078125,1.0,1.0,1.0,1.0,0.005820176
dmcfae,analysis/benchmarks/benchmarks/sum2d,2,4,1,256,100,1.05078125,1.0,1.0,1.0,1.0,0.005780582
dmcfae,analysis/benchmarks/benchmarks/ex1,2,5,1,92,36,1.0434782608695652,1.0,1.0,1.0,1.0,0.000963277
dmcfae,analysis/benchmarks/benchmarks/ex10,2,5,1,115,46,1.0434782608695652,1.0,1.0,1.0,1.0,0.001277994
dmcfae,analysis/benchmarks/benchmarks/ex11,2,5,1,130,52,1.0461538461538462,1.0,1.0,1.0,1.0,0.001727542
dmcfae,analysis/benchmarks/benchmarks/ex12,2,5,1,130,52,1.0461538461538462,1.0,1.0,1.0,1.0,0.001488527
dmcfae,analysis/benchmarks/benchmarks/ex13,2,5,1,145,58,1.0482758620689656,1.0,1.0,1.0,1.0,0.001829953
dmcfae,analysis/benchmarks/benchmarks/ex2,2,5,1,152,60,1.0460526315789473,1.0,1.0,1.0,1.0,0.002097031
dmcfae,analysis/benchmarks/benchmarks/ex201,2,5,1,147,60,1.0408163265306123,1.0,1.0,1.0,1.0,0.001859649
dmcfae,analysis/benchmarks/benchmarks/ex21,2,5,1,178,71,1.0449438202247192,1.0,1.0,1.0,1.0,0.002464126
dmcfae,analysis/benchmarks/benchmarks/ex22,2,5,1,356,139,1.050561797752809,1.0,1.0,1.0,1.0,0.006543505
dmcfae,analysis/benchmarks/benchmarks/ex23,2,5,1,271,110,1.044280442804428,1.0,1.0,1.0,1.0,0.00478785
dmcfae,analysis/benchmarks/benchmarks/ex3,2,5,1,203,81,1.0443349753694582,1.0,1.0,1.0,1.0,0.003770472
dmcfae,analysis/benchmarks/benchmarks/ex30,2,5,1,168,68,1.0416666666666667,1.0,1.0,1.0,1.0,0.002847141
dmcfae,analysis/benchmarks/benchmarks/ex31,2,5,1,264,104,1.0492424242424243,1.0,1.0,1.0,1.0,0.005272174
dmcfae,analysis/benchmarks/benchmarks/ex32,2,5,1,264,104,1.0492424242424243,1.0,1.0,1.0,1.0,0.005289886
dmcfae,analysis/benchmarks/benchmarks/ex33,2,5,1,253,101,1.0474308300395256,1.0,1.0,1.0,1.0,0.005258608
dmcfae,analysis/benchmarks/benchmarks/ex34,2,5,1,253,101,1.0474308300395256,1.0,1.0,1.0,1.0,0.0053941
dmcfae,analysis/benchmarks/benchmarks/ex4,2,5,1,203,81,1.0443349753694582,1.0,1.0,1.0,1.0,0.003875008
dmcfae,analysis/benchmarks/benchmarks/ex41,2,5,1,264,104,1.0492424242424243,1.0,1.0,1.0,1.0,0.005723706
dmcfae,analysis/benchmarks/benchmarks/ex42,2,5,1,264,104,1.0492424242424243,1.0,1.0,1.0,1.0,0.005596639
dmcfae,analysis/benchmarks/benchmarks/ex43,2,5,1,253,101,1.0474308300395256,1.0,1.0,1.0,1.0,0.005433385
dmcfae,analysis/benchmarks/benchmarks/ex44,2,5,1,253,101,1.0474308300395256,1.0,1.0,1.0,1.0,0.005486864
dmcfae,analysis/benchmarks/benchmarks/ex5,2,5,1,383,152,1.0496083550913837,1.0,1.0,1.0,1.0,0.010263202
dmcfae,analysis/benchmarks/benchmarks/ex51,2,5,1,383,152,1.0496083550913837,1.0,1.0,1.0,1.0,0.010239268
dmcfae,analysis/benchmarks/benchmarks/ex52,2,5,1,416,165,1.0504807692307692,1.0,1.0,1.0,1.0,0.011286792
dmcfae,analysis/benchmarks/benchmarks/get-set,2,5,1,465,182,1.049462365591398,1.0,1.0,1.0,1.0,0.018150635
dmcfae,analysis/benchmarks/benchmarks/sum1,2,5,1,169,67,1.047337278106509,1.0,1.0,1.0,1.0,0.003204888
dmcfae,analysis/benchmarks/benchmarks/sum1b,2,5,1,169,67,1.047337278106509,1.0,1.0,1.0,1.0,0.003153081
dmcfae,analysis/benchmarks/benchmarks/sum1c,2,5,1,172,68,1.0465116279069768,1.0,1.0,1.0,1.0,0.003231026
dmcfae,analysis/benchmarks/benchmarks/sum1d,2,5,1,172,68,1.0465116279069768,1.0,1.0,1.0,1.0,0.00320601
dmcfae,analysis/benchmarks/benchmarks/sum1x,2,5,1,169,67,1.047337278106509,1.0,1.0,1.0,1.0,0.003159633
dmcfae,analysis/benchmarks/benchmarks/sum2,2,5,1,250,98,1.052,1.0,1.0,1.0,1.0,0.005718416
dmcfae,analysis/benchmarks/benchmarks/sum2b,2,5,1,250,98,1.052,1.0,1.0,1.0,1.0,0.005728374
dmcfae,analysis/benchmarks/benchmarks/sum2c,2,5,1,256,100,1.05078125,1.0,1.0,1.0,1.0,0.005739635
dmcfae,analysis/benchmarks/benchmarks/sum2d,2,5,1,256,100,1.05078125,1.0,1.0,1.0,1.0,0.005750546
dmcfae,analysis/benchmarks/benchmarks/ex1,2,6,1,92,36,1.0434782608695652,1.0,1.0,1.0,1.0,0.000977563
dmcfae,analysis/benchmarks/benchmarks/ex10,2,6,1,115,46,1.0434782608695652,1.0,1.0,1.0,1.0,0.001274177
dmcfae,analysis/benchmarks/benchmarks/ex11,2,6,1,130,52,1.0461538461538462,1.0,1.0,1.0,1.0,0.001727842
dmcfae,analysis/benchmarks/benchmarks/ex12,2,6,1,130,52,1.0461538461538462,1.0,1.0,1.0,1.0,0.001647533
dmcfae,analysis/benchmarks/benchmarks/ex13,2,6,1,145,58,1.0482758620689656,1.0,1.0,1.0,1.0,0.001783146
dmcfae,analysis/benchmarks/benchmarks/ex2,2,6,1,152,60,1.0460526315789473,1.0,1.0,1.0,1.0,0.001943375
dmcfae,analysis/benchmarks/benchmarks/ex201,2,6,1,147,60,1.0408163265306123,1.0,1.0,1.0,1.0,0.002037981
dmcfae,analysis/benchmarks/benchmarks/ex21,2,6,1,178,71,1.0449438202247192,1.0,1.0,1.0,1.0,0.00261108
dmcfae,analysis/benchmarks/benchmarks/ex22,2,6,1,356,139,1.050561797752809,1.0,1.0,1.0,1.0,0.006440543
dmcfae,analysis/benchmarks/benchmarks/ex23,2,6,1,271,110,1.044280442804428,1.0,1.0,1.0,1.0,0.004952677
dmcfae,analysis/benchmarks/benchmarks/ex3,2,6,1,203,81,1.0443349753694582,1.0,1.0,1.0,1.0,0.003700121
dmcfae,analysis/benchmarks/benchmarks/ex30,2,6,1,168,68,1.0416666666666667,1.0,1.0,1.0,1.0,0.00279863
dmcfae,analysis/benchmarks/benchmarks/ex31,2,6,1,264,104,1.0492424242424243,1.0,1.0,1.0,1.0,0.005476355
dmcfae,analysis/benchmarks/benchmarks/ex32,2,6,1,264,104,1.0492424242424243,1.0,1.0,1.0,1.0,0.005467588
dmcfae,analysis/benchmarks/benchmarks/ex33,2,6,1,253,101,1.0474308300395256,1.0,1.0,1.0,1.0,0.005170083
dmcfae,analysis/benchmarks/benchmarks/ex34,2,6,1,253,101,1.0474308300395256,1.0,1.0,1.0,1.0,0.005302851
dmcfae,analysis/benchmarks/benchmarks/ex4,2,6,1,203,81,1.0443349753694582,1.0,1.0,1.0,1.0,0.003981636
dmcfae,analysis/benchmarks/benchmarks/ex41,2,6,1,264,104,1.0492424242424243,1.0,1.0,1.0,1.0,0.005709309
dmcfae,analysis/benchmarks/benchmarks/ex42,2,6,1,264,104,1.0492424242424243,1.0,1.0,1.0,1.0,0.005579728
dmcfae,analysis/benchmarks/benchmarks/ex43,2,6,1,253,101,1.0474308300395256,1.0,1.0,1.0,1.0,0.005420229
dmcfae,analysis/benchmarks/benchmarks/ex44,2,6,1,253,101,1.0474308300395256,1.0,1.0,1.0,1.0,0.005719338
dmcfae,analysis/benchmarks/benchmarks/ex5,2,6,1,383,152,1.0496083550913837,1.0,1.0,1.0,1.0,0.010388236
dmcfae,analysis/benchmarks/benchmarks/ex51,2,6,1,383,152,1.0496083550913837,1.0,1.0,1.0,1.0,0.010103174
dmcfae,analysis/benchmarks/benchmarks/ex52,2,6,1,416,165,1.0504807692307692,1.0,1.0,1.0,1.0,0.011426512
dmcfae,analysis/benchmarks/benchmarks/get-set,2,6,1,465,182,1.049462365591398,1.0,1.0,1.0,1.0,0.018701782
dmcfae,analysis/benchmarks/benchmarks/sum1,2,6,1,169,67,1.047337278106509,1.0,1.0,1.0,1.0,0.003292221
dmcfae,analysis/benchmarks/benchmarks/sum1b,2,6,1,169,67,1.047337278106509,1.0,1.0,1.0,1.0,0.00322729
dmcfae,analysis/benchmarks/benchmarks/sum1c,2,6,1,172,68,1.0465116279069768,1.0,1.0,1.0,1.0,0.003310084
dmcfae,analysis/benchmarks/benchmarks/sum1d,2,6,1,172,68,1.0465116279069768,1.0,1.0,1.0,1.0,0.003296478
dmcfae,analysis/benchmarks/benchmarks/sum1x,2,6,1,169,67,1.047337278106509,1.0,1.0,1.0,1.0,0.003235314
dmcfae,analysis/benchmarks/benchmarks/sum2,2,6,1,250,98,1.052,1.0,1.0,1.0,1.0,0.005808194
dmcfae,analysis/benchmarks/benchmarks/sum2b,2,6,1,250,98,1.052,1.0,1.0,1.0,1.0,0.005805378
dmcfae,analysis/benchmarks/benchmarks/sum2c,2,6,1,256,100,1.05078125,1.0,1.0,1.0,1.0,0.005946882
dmcfae,analysis/benchmarks/benchmarks/sum2d,2,6,1,256,100,1.05078125,1.0,1.0,1.0,1.0,0.005907959
dmcfae,analysis/benchmarks/benchmarks/ex1,3,1,1,92,36,1.0434782608695652,1.0,1.0,1.0,1.0,0.00083653
dmcfae,analysis/benchmarks/benchmarks/ex10,3,1,1,115,46,1.0434782608695652,1.0,1.0,1.0,1.0,0.001259679
dmcfae,analysis/benchmarks/benchmarks/ex11,3,1,1,130,52,1.0461538461538462,1.0,1.0,1.0,1.0,0.001216549
dmcfae,analysis/benchmarks/benchmarks/ex12,3,1,1,130,52,1.0461538461538462,1.0,1.0,1.0,1.0,0.001277032
dmcfae,analysis/benchmarks/benchmarks/ex13,3,1,1,145,58,1.0482758620689656,1.0,1.0,1.0,1.0,0.001511099
dmcfae,analysis/benchmarks/benchmarks/ex2,3,1,1,152,60,1.0460526315789473,1.0,1.0,1.0,1.0,0.00149607
dmcfae,analysis/benchmarks/benchmarks/ex201,3,1,1,147,60,1.0408163265306123,1.0,1.0,1.0,1.0,0.001513001
dmcfae,analysis/benchmarks/benchmarks/ex21,3,1,1,178,71,1.0449438202247192,1.0,1.0,1.0,1.0,0.001955628
dmcfae,analysis/benchmarks/benchmarks/ex22,3,1,0,308,117,1.1103896103896105,1.1367521367521367,2.0,1.3666666666666667,1.1521739130434783,0.006448618
dmcfae,analysis/benchmarks/benchmarks/ex23,3,1,0,243,96,1.0987654320987654,1.125,2.0,1.4210526315789473,1.123456790123457,0.005053405
dmcfae,analysis/benchmarks/benchmarks/ex3,3,1,1,203,81,1.0443349753694582,1.0,1.0,1.0,1.0,0.002960452
dmcfae,analysis/benchmarks/benchmarks/ex30,3,1,1,168,68,1.0416666666666667,1.0,1.0,1.0,1.0,0.002232494
dmcfae,analysis/benchmarks/benchmarks/ex31,3,1,1,264,104,1.0492424242424243,1.0,1.0,1.0,1.0,0.004141494
dmcfae,analysis/benchmarks/benchmarks/ex32,3,1,1,264,104,1.0492424242424243,1.0,1.0,1.0,1.0,0.003912467
dmcfae,analysis/benchmarks/benchmarks/ex33,3,1,1,253,101,1.0474308300395256,1.0,1.0,1.0,1.0,0.003986546
dmcfae,analysis/benchmarks/benchmarks/ex34,3,1,1,253,101,1.0474308300395256,1.0,1.0,1.0,1.0,0.004059522
dmcfae,analysis/benchmarks/benchmarks/ex4,3,1,1,203,81,1.0443349753694582,1.0,1.0,1.0,1.0,0.003193917
dmcfae,analysis/benchmarks/benchmarks/ex41,3,1,1,264,104,1.0492424242424243,1.0,1.0,1.0,1.0,0.004366294
dmcfae,analysis/benchmarks/benchmarks/ex42,3,1,1,264,104,1.0492424242424243,1.0,1.0,1.0,1.0,0.004232514
dmcfae,analysis/benchmarks/benchmarks/ex43,3,1,1,253,101,1.0474308300395256,1.0,1.0,1.0,1.0,0.00418165
dmcfae,analysis/benchmarks/benchmarks/ex44,3,1,1,253,101,1.0474308300395256,1.0,1.0,1.0,1.0,0.004178153
dmcfae,analysis/benchmarks/benchmarks/ex5,3,1,1,383,152,1.0496083550913837,1.0,1.0,1.0,1.0,0.0081815
dmcfae,analysis/benchmarks/benchmarks/ex51,3,1,1,383,152,1.0496083550913837,1.0,1.0,1.0,1.0,0.008143239
dmcfae,analysis/benchmarks/benchmarks/ex52,3,1,0,407,161,1.054054054054054,1.0062111801242235,1.0,1.0061349693251533,1.0671140939597314,0.008849196
dmcfae,analysis/benchmarks/benchmarks/get-set,3,1,1,465,182,1.049462365591398,1.0,1.0,1.0,1.0,0.013120963
dmcfae,analysis/benchmarks/benchmarks/sum1,3,1,1,169,67,1.047337278106509,1.0,1.0,1.0,1.0,0.00253048
dmcfae,analysis/benchmarks/benchmarks/sum1b,3,1,1,169,67,1.047337278106509,1.0,1.0,1.0,1.0,0.002509981
dmcfae,analysis/benchmarks/benchmarks/sum1c,3,1,1,172,68,1.0465116279069768,1.0,1.0,1.0,1.0,0.002787049
dmcfae,analysis/benchmarks/benchmarks/sum1d,3,1,1,172,68,1.0465116279069768,1.0,1.0,1.0,1.0,0.002775597
dmcfae,analysis/benchmarks/benchmarks/sum1x,3,1,1,169,67,1.047337278106509,1.0,1.0,1.0,1.0,0.002693363
dmcfae,analysis/benchmarks/benchmarks/sum2,3,1,0,225,87,1.0755555555555556,1.0459770114942528,1.3333333333333333,1.0786516853932584,1.144736842105263,0.004540249
dmcfae,analysis/benchmarks/benchmarks/sum2b,3,1,0,225,87,1.08,1.0574712643678161,1.3333333333333333,1.1123595505617978,1.144736842105263,0.004528877
dmcfae,analysis/benchmarks/benchmarks/sum2c,3,1,0,245,93,1.0938775510204082,1.086021505376344,1.3333333333333333,1.1030927835051547,1.2,0.005139075
dmcfae,analysis/benchmarks/benchmarks/sum2d,3,1,0,245,93,1.0979591836734695,1.096774193548387,1.3333333333333333,1.134020618556701,1.2,0.005287272
dmcfae,analysis/benchmarks/benchmarks/ex1,3,2,1,92,36,1.0434782608695652,1.0,1.0,1.0,1.0,0.000967154
dmcfae,analysis/benchmarks/benchmarks/ex10,3,2,1,115,46,1.0434782608695652,1.0,1.0,1.0,1.0,0.001478668
dmcfae,analysis/benchmarks/benchmarks/ex11,3,2,1,130,52,1.0461538461538462,1.0,1.0,1.0,1.0,0.001470893
dmcfae,analysis/benchmarks/benchmarks/ex12,3,2,1,130,52,1.0461538461538462,1.0,1.0,1.0,1.0,0.001552786
dmcfae,analysis/benchmarks/benchmarks/ex13,3,2,1,145,58,1.0482758620689656,1.0,1.0,1.0,1.0,0.001668202
dmcfae,analysis/benchmarks/benchmarks/ex2,3,2,1,152,60,1.0460526315789473,1.0,1.0,1.0,1.0,0.001857034
dmcfae,analysis/benchmarks/benchmarks/ex201,3,2,1,147,60,1.0408163265306123,1.0,1.0,1.0,1.0,0.001840533
dmcfae,analysis/benchmarks/benchmarks/ex21,3,2,1,178,71,1.0449438202247192,1.0,1.0,1.0,1.0,0.002427568
dmcfae,analysis/benchmarks/benchmarks/ex22,3,2,1,356,139,1.050561797752809,1.0,1.0,1.0,1.0,0.005754103
dmcfae,analysis/benchmarks/benchmarks/ex23,3,2,1,271,110,1.044280442804428,1.0,1.0,1.0,1.0,0.00414387
dmcfae,analysis/benchmarks/benchmarks/ex3,3,2,1,203,81,1.0443349753694582,1.0,1.0,1.0,1.0,0.00350148
dmcfae,analysis/benchmarks/benchmarks/ex30,3,2,1,168,68,1.0416666666666667,1.0,1.0,1.0,1.0,0.00268553
dmcfae,analysis/benchmarks/benchmarks/ex31,3,2,1,264,104,1.0492424242424243,1.0,1.0,1.0,1.0,0.00568876
dmcfae,analysis/benchmarks/benchmarks/ex32,3,2,1,264,104,1.0492424242424243,1.0,1.0,1.0,1.0,0.005294155
dmcfae,analysis/benchmarks/benchmarks/ex33,3,2,1,253,101,1.0474308300395256,1.0,1.0,1.0,1.0,0.005081097
dmcfae,analysis/benchmarks/benchmarks/ex34,3,2,1,253,101,1.0474308300395256,1.0,1.0,1.0,1.0,0.00491091
dmcfae,analysis/benchmarks/benchmarks/ex4,3,2,1,203,81,1.0443349753694582,1.0,1.0,1.0,1.0,0.003780371
dmcfae,analysis/benchmarks/benchmarks/ex41,3,2,1,264,104,1.0492424242424243,1.0,1.0,1.0,1.0,0.005311567
dmcfae,analysis/benchmarks/benchmarks/ex42,3,2,1,264,104,1.0492424242424243,1.0,1.0,1.0,1.0,0.005397838
dmcfae,analysis/benchmarks/benchmarks/ex43,3,2,1,253,101,1.0474308300395256,1.0,1.0,1.0,1.0,0.005283174
dmcfae,analysis/benchmarks/benchmarks/ex44,3,2,1,253,101,1.0474308300395256,1.0,1.0,1.0,1.0,0.00529169
dmcfae,analysis/benchmarks/benchmarks/ex5,3,2,1,383,152,1.0496083550913837,1.0,1.0,1.0,1.0,0.010451665
dmcfae,analysis/benchmarks/benchmarks/ex51,3,2,1,383,152,1.0496083550913837,1.0,1.0,1.0,1.0,0.010369812
dmcfae,analysis/benchmarks/benchmarks/ex52,3,2,1,416,165,1.0504807692307692,1.0,1.0,1.0,1.0,0.010998384
dmcfae,analysis/benchmarks/benchmarks/get-set,3,2,1,465,182,1.049462365591398,1.0,1.0,1.0,1.0,0.015959677
dmcfae,analysis/benchmarks/benchmarks/sum1,3,2,1,169,67,1.047337278106509,1.0,1.0,1.0,1.0,0.003127844
dmcfae,analysis/benchmarks/benchmarks/sum1b,3,2,1,169,67,1.047337278106509,1.0,1.0,1.0,1.0,0.003065678
dmcfae,analysis/benchmarks/benchmarks/sum1c,3,2,1,172,68,1.0465116279069768,1.0,1.0,1.0,1.0,0.003237298
dmcfae,analysis/benchmarks/benchmarks/sum1d,3,2,1,172,68,1.0465116279069768,1.0,1.0,1.0,1.0,0.003212232
dmcfae,analysis/benchmarks/benchmarks/sum1x,3,2,1,169,67,1.047337278106509,1.0,1.0,1.0,1.0,0.003065828
dmcfae,analysis/benchmarks/benchmarks/sum2,3,2,1,250,98,1.052,1.0,1.0,1.0,1.0,0.00515739
dmcfae,analysis/benchmarks/benchmarks/sum2b,3,2,1,250,98,1.052,1.0,1.0,1.0,1.0,0.005166297
dmcfae,analysis/benchmarks/benchmarks/sum2c,3,2,1,256,100,1.05078125,1.0,1.0,1.0,1.0,0.005433124
dmcfae,analysis/benchmarks/benchmarks/sum2d,3,2,1,256,100,1.05078125,1.0,1.0,1.0,1.0,0.005426682
dmcfae,analysis/benchmarks/benchmarks/ex1,3,3,1,92,36,1.0434782608695652,1.0,1.0,1.0,1.0,0.001256864
dmcfae,analysis/benchmarks/benchmarks/ex10,3,3,1,115,46,1.0434782608695652,1.0,1.0,1.0,1.0,0.001287812
dmcfae,analysis/benchmarks/benchmarks/ex11,3,3,1,130,52,1.0461538461538462,1.0,1.0,1.0,1.0,0.00175327
dmcfae,analysis/benchmarks/benchmarks/ex12,3,3,1,130,52,1.0461538461538462,1.0,1.0,1.0,1.0,0.001506209
dmcfae,analysis/benchmarks/benchmarks/ex13,3,3,1,145,58,1.0482758620689656,1.0,1.0,1.0,1.0,0.001886368
dmcfae,analysis/benchmarks/benchmarks/ex2,3,3,1,152,60,1.0460526315789473,1.0,1.0,1.0,1.0,0.002039674
dmcfae,analysis/benchmarks/benchmarks/ex201,3,3,1,147,60,1.0408163265306123,1.0,1.0,1.0,1.0,0.00187654
dmcfae,analysis/benchmarks/benchmarks/ex21,3,3,1,178,71,1.0449438202247192,1.0,1.0,1.0,1.0,0.00248761
dmcfae,analysis/benchmarks/benchmarks/ex22,3,3,1,356,139,1.050561797752809,1.0,1.0,1.0,1.0,0.006319978
dmcfae,analysis/benchmarks/benchmarks/ex23,3,3,1,271,110,1.044280442804428,1.0,1.0,1.0,1.0,0.004569002
dmcfae,analysis/benchmarks/benchmarks/ex3,3,3,1,203,81,1.0443349753694582,1.0,1.0,1.0,1.0,0.00382279
dmcfae,analysis/benchmarks/benchmarks/ex30,3,3,1,168,68,1.0416666666666667,1.0,1.0,1.0,1.0,0.002829708
dmcfae,analysis/benchmarks/benchmarks/ex31,3,3,1,264,104,1.0492424242424243,1.0,1.0,1.0,1.0,0.005277704
dmcfae,analysis/benchmarks/benchmarks/ex32,3,3,1,264,104,1.0492424242424243,1.0,1.0,1.0,1.0,0.005327196
dmcfae,analysis/benchmarks/benchmarks/ex33,3,3,1,253,101,1.0474308300395256,1.0,1.0,1.0,1.0,0.005262365
dmcfae,analysis/benchmarks/benchmarks/ex34,3,3,1,253,101,1.0474308300395256,1.0,1.0,1.0,1.0,0.005447821
dmcfae,analysis/benchmarks/benchmarks/ex4,3,3,1,203,81,1.0443349753694582,1.0,1.0,1.0,1.0,0.003873564
dmcfae,analysis/benchmarks/benchmarks/ex41,3,3,1,264,104,1.0492424242424243,1.0,1.0,1.0,1.0,0.005770322
dmcfae,analysis/benchmarks/benchmarks/ex42,3,3,1,264,104,1.0492424242424243,1.0,1.0,1.0,1.0,0.005630742
dmcfae,analysis/benchmarks/benchmarks/ex43,3,3,1,253,101,1.0474308300395256,1.0,1.0,1.0,1.0,0.005494227
dmcfae,analysis/benchmarks/benchmarks/ex44,3,3,1,253,101,1.0474308300395256,1.0,1.0,1.0,1.0,0.005542628
dmcfae,analysis/benchmarks/benchmarks/ex5,3,3,1,383,152,1.0496083550913837,1.0,1.0,1.0,1.0,0.011026296
dmcfae,analysis/benchmarks/benchmarks/ex51,3,3,1,383,152,1.0496083550913837,1.0,1.0,1.0,1.0,0.010898969
dmcfae,analysis/benchmarks/benchmarks/ex52,3,3,1,416,165,1.0504807692307692,1.0,1.0,1.0,1.0,0.011786213
dmcfae,analysis/benchmarks/benchmarks/get-set,3,3,1,465,182,1.049462365591398,1.0,1.0,1.0,1.0,0.017900588
dmcfae,analysis/benchmarks/benchmarks/sum1,3,3,1,169,67,1.047337278106509,1.0,1.0,1.0,1.0,0.003229664
dmcfae,analysis/benchmarks/benchmarks/sum1b,3,3,1,169,67,1.047337278106509,1.0,1.0,1.0,1.0,0.003171064
dmcfae,analysis/benchmarks/benchmarks/sum1c,3,3,1,172,68,1.0465116279069768,1.0,1.0,1.0,1.0,0.003221549
dmcfae,analysis/benchmarks/benchmarks/sum1d,3,3,1,172,68,1.0465116279069768,1.0,1.0,1.0,1.0,0.003225275
dmcfae,analysis/benchmarks/benchmarks/sum1x,3,3,1,169,67,1.047337278106509,1.0,1.0,1.0,1.0,0.003164513
dmcfae,analysis/benchmarks/benchmarks/sum2,3,3,1,250,98,1.052,1.0,1.0,1.0,1.0,0.005608561
dmcfae,analysis/benchmarks/benchmarks/sum2b,3,3,1,250,98,1.052,1.0,1.0,1.0,1.0,0.005555212
dmcfae,analysis/benchmarks/benchmarks/sum2c,3,3,1,256,100,1.05078125,1.0,1.0,1.0,1.0,0.005723054
dmcfae,analysis/benchmarks/benchmarks/sum2d,3,3,1,256,100,1.05078125,1.0,1.0,1.0,1.0,0.005719207
dmcfae,analysis/benchmarks/benchmarks/ex1,3,4,1,92,36,1.0434782608695652,1.0,1.0,1.0,1.0,0.0009761
dmcfae,analysis/benchmarks/benchmarks/ex10,3,4,1,115,46,1.0434782608695652,1.0,1.0,1.0,1.0,0.001277673
dmcfae,analysis/benchmarks/benchmarks/ex11,3,4,1,130,52,1.0461538461538462,1.0,1.0,1.0,1.0,0.001717684
dmcfae,analysis/benchmarks/benchmarks/ex12,3,4,1,130,52,1.0461538461538462,1.0,1.0,1.0,1.0,0.001647052
dmcfae,analysis/benchmarks/benchmarks/ex13,3,4,1,145,58,1.0482758620689656,1.0,1.0,1.0,1.0,0.001776904
dmcfae,analysis/benchmarks/benchmarks/ex2,3,4,1,152,60,1.0460526315789473,1.0,1.0,1.0,1.0,0.001961228
dmcfae,analysis/benchmarks/benchmarks/ex201,3,4,1,147,60,1.0408163265306123,1.0,1.0,1.0,1.0,0.002017823
dmcfae,analysis/benchmarks/benchmarks/ex21,3,4,1,178,71,1.0449438202247192,1.0,1.0,1.0,1.0,0.002631929
dmcfae,analysis/benchmarks/benchmarks/ex22,3,4,1,356,139,1.050561797752809,1.0,1.0,1.0,1.0,0.006418822
dmcfae,analysis/benchmarks/benchmarks/ex23,3,4,1,271,110,1.044280442804428,1.0,1.0,1.0,1.0,0.004973857
dmcfae,analysis/benchmarks/benchmarks/ex3,3,4,1,203,81,1.0443349753694582,1.0,1.0,1.0,1.0,0.003692437
dmcfae,analysis/benchmarks/benchmarks/ex30,3,4,1,168,68,1.0416666666666667,1.0,1.0,1.0,1.0,0.002814209
dmcfae,analysis/benchmarks/benchmarks/ex31,3,4,1,264,104,1.0492424242424243,1.0,1.0,1.0,1.0,0.005485541
dmcfae,analysis/benchmarks/benchmarks/ex32,3,4,1,264,104,1.0492424242424243,1.0,1.0,1.0,1.0,0.005506751
dmcfae,analysis/benchmarks/benchmarks/ex33,3,4,1,253,101,1.0474308300395256,1.0,1.0,1.0,1.0,0.005188137
dmcfae,analysis/benchmarks/benchmarks/ex34,3,4,1,253,101,1.0474308300395256,1.0,1.0,1.0,1.0,0.005325293
dmcfae,analysis/benchmarks/benchmarks/ex4,3,4,1,203,81,1.0443349753694582,1.0,1.0,1.0,1.0,0.004020098
dmcfae,analysis/benchmarks/benchmarks/ex41,3,4,1,264,104,1.0492424242424243,1.0,1.0,1.0,1.0,0.005703428
dmcfae,analysis/benchmarks/benchmarks/ex42,3,4,1,264,104,1.0492424242424243,1.0,1.0,1.0,1.0,0.005580128
dmcfae,analysis/benchmarks/benchmarks/ex43,3,4,1,253,101,1.0474308300395256,1.0,1.0,1.0,1.0,0.005433876
dmcfae,analysis/benchmarks/benchmarks/ex44,3,4,1,253,101,1.0474308300395256,1.0,1.0,1.0,1.0,0.005716974
dmcfae,analysis/benchmarks/benchmarks/ex5,3,4,1,383,152,1.0496083550913837,1.0,1.0,1.0,1.0,0.011152882
dmcfae,analysis/benchmarks/benchmarks/ex51,3,4,1,383,152,1.0496083550913837,1.0,1.0,1.0,1.0,0.010773324
dmcfae,analysis/benchmarks/benchmarks/ex52,3,4,1,416,165,1.0504807692307692,1.0,1.0,1.0,1.0,0.011935722
dmcfae,analysis/benchmarks/benchmarks/get-set,3,4,1,465,182,1.049462365591398,1.0,1.0,1.0,1.0,0.019018663
dmcfae,analysis/benchmarks/benchmarks/sum1,3,4,1,169,67,1.047337278106509,1.0,1.0,1.0,1.0,0.003760474
dmcfae,analysis/benchmarks/benchmarks/sum1b,3,4,1,169,67,1.047337278106509,1.0,1.0,1.0,1.0,0.003255823
dmcfae,analysis/benchmarks/benchmarks/sum1c,3,4,1,172,68,1.0465116279069768,1.0,1.0,1.0,1.0,0.003305926
dmcfae,analysis/benchmarks/benchmarks/sum1d,3,4,1,172,68,1.0465116279069768,1.0,1.0,1.0,1.0,0.003276402
dmcfae,analysis/benchmarks/benchmarks/sum1x,3,4,1,169,67,1.047337278106509,1.0,1.0,1.0,1.0,0.003244411
dmcfae,analysis/benchmarks/benchmarks/sum2,3,4,1,250,98,1.052,1.0,1.0,1.0,1.0,0.005773218
dmcfae,analysis/benchmarks/benchmarks/sum2b,3,4,1,250,98,1.052,1.0,1.0,1.0,1.0,0.005744956
dmcfae,analysis/benchmarks/benchmarks/sum2c,3,4,1,256,100,1.05078125,1.0,1.0,1.0,1.0,0.005841997
dmcfae,analysis/benchmarks/benchmarks/sum2d,3,4,1,256,100,1.05078125,1.0,1.0,1.0,1.0,0.005836066
dmcfae,analysis/benchmarks/benchmarks/ex1,3,5,1,92,36,1.0434782608695652,1.0,1.0,1.0,1.0,0.000977503
dmcfae,analysis/benchmarks/benchmarks/ex10,3,5,1,115,46,1.0434782608695652,1.0,1.0,1.0,1.0,0.001521157
dmcfae,analysis/benchmarks/benchmarks/ex11,3,5,1,130,52,1.0461538461538462,1.0,1.0,1.0,1.0,0.001552576
dmcfae,analysis/benchmarks/benchmarks/ex12,3,5,1,130,52,1.0461538461538462,1.0,1.0,1.0,1.0,0.001567945
dmcfae,analysis/benchmarks/benchmarks/ex13,3,5,1,145,58,1.0482758620689656,1.0,1.0,1.0,1.0,0.001902729
dmcfae,analysis/benchmarks/benchmarks/ex2,3,5,1,152,60,1.0460526315789473,1.0,1.0,1.0,1.0,0.001878433
dmcfae,analysis/benchmarks/benchmarks/ex201,3,5,1,147,60,1.0408163265306123,1.0,1.0,1.0,1.0,0.001941041
dmcfae,analysis/benchmarks/benchmarks/ex21,3,5,1,178,71,1.0449438202247192,1.0,1.0,1.0,1.0,0.002509681
dmcfae,analysis/benchmarks/benchmarks/ex22,3,5,1,356,139,1.050561797752809,1.0,1.0,1.0,1.0,0.006657698
dmcfae,analysis/benchmarks/benchmarks/ex23,3,5,1,271,110,1.044280442804428,1.0,1.0,1.0,1.0,0.004863922
dmcfae,analysis/benchmarks/benchmarks/ex3,3,5,1,203,81,1.0443349753694582,1.0,1.0,1.0,1.0,0.003790691
dmcfae,analysis/benchmarks/benchmarks/ex30,3,5,1,168,68,1.0416666666666667,1.0,1.0,1.0,1.0,0.002749758
dmcfae,analysis/benchmarks/benchmarks/ex31,3,5,1,264,104,1.0492424242424243,1.0,1.0,1.0,1.0,0.005417985
dmcfae,analysis/benchmarks/benchmarks/ex32,3,5,1,264,104,1.0492424242424243,1.0,1.0,1.0,1.0,0.005402256
dmcfae,analysis/benchmarks/benchmarks/ex33,3,5,1,253,101,1.0474308300395256,1.0,1.0,1.0,1.0,0.005360959
dmcfae,analysis/benchmarks/benchmarks/ex34,3,5,1,253,101,1.0474308300395256,1.0,1.0,1.0,1.0,0.005240304
dmcfae,analysis/benchmarks/benchmarks/ex4,3,5,1,203,81,1.0443349753694582,1.0,1.0,1.0,1.0,0.003976908
dmcfae,analysis/benchmarks/benchmarks/ex41,3,5,1,264,104,1.0492424242424243,1.0,1.0,1.0,1.0,0.005552687
dmcfae,analysis/benchmarks/benchmarks/ex42,3,5,1,264,104,1.0492424242424243,1.0,1.0,1.0,1.0,0.005681837
dmcfae,analysis/benchmarks/benchmarks/ex43,3,5,1,253,101,1.0474308300395256,1.0,1.0,1.0,1.0,0.005445617
dmcfae,analysis/benchmarks/benchmarks/ex44,3,5,1,253,101,1.0474308300395256,1.0,1.0,1.0,1.0,0.005459382
dmcfae,analysis/benchmarks/benchmarks/ex5,3,5,1,383,152,1.0496083550913837,1.0,1.0,1.0,1.0,0.010963068
dmcfae,analysis/benchmarks/benchmarks/ex51,3,5,1,383,152,1.0496083550913837,1.0,1.0,1.0,1.0,0.010852222
dmcfae,analysis/benchmarks/benchmarks/ex52,3,5,1,416,165,1.0504807692307692,1.0,1.0,1.0,1.0,0.012008307
dmcfae,analysis/benchmarks/benchmarks/get-set,3,5,1,465,182,1.049462365591398,1.0,1.0,1.0,1.0,0.019703971
dmcfae,analysis/benchmarks/benchmarks/sum1,3,5,1,169,67,1.047337278106509,1.0,1.0,1.0,1.0,0.003261884
dmcfae,analysis/benchmarks/benchmarks/sum1b,3,5,1,169,67,1.047337278106509,1.0,1.0,1.0,1.0,0.003192444
dmcfae,analysis/benchmarks/benchmarks/sum1c,3,5,1,172,68,1.0465116279069768,1.0,1.0,1.0,1.0,0.003301318
dmcfae,analysis/benchmarks/benchmarks/sum1d,3,5,1,172,68,1.0465116279069768,1.0,1.0,1.0,1.0,0.003327806
dmcfae,analysis/benchmarks/benchmarks/sum1x,3,5,1,169,67,1.047337278106509,1.0,1.0,1.0,1.0,0.003207803
dmcfae,analysis/benchmarks/benchmarks/sum2,3,5,1,250,98,1.052,1.0,1.0,1.0,1.0,0.005849891
dmcfae,analysis/benchmarks/benchmarks/sum2b,3,5,1,250,98,1.052,1.0,1.0,1.0,1.0,0.005787715
dmcfae,analysis/benchmarks/benchmarks/sum2c,3,5,1,256,100,1.05078125,1.0,1.0,1.0,1.0,0.005849941
dmcfae,analysis/benchmarks/benchmarks/sum2d,3,5,1,256,100,1.05078125,1.0,1.0,1.0,1.0,0.00579564
dmcfae,analysis/benchmarks/benchmarks/ex1,3,6,1,92,36,1.0434782608695652,1.0,1.0,1.0,1.0,0.001257516
dmcfae,analysis/benchmarks/benchmarks/ex10,3,6,1,115,46,1.0434782608695652,1.0,1.0,1.0,1.0,0.00126016
dmcfae,analysis/benchmarks/benchmarks/ex11,3,6,1,130,52,1.0461538461538462,1.0,1.0,1.0,1.0,0.001703949
dmcfae,analysis/benchmarks/benchmarks/ex12,3,6,1,130,52,1.0461538461538462,1.0,1.0,1.0,1.0,0.001477506
dmcfae,analysis/benchmarks/benchmarks/ex13,3,6,1,145,58,1.0482758620689656,1.0,1.0,1.0,1.0,0.001793916
dmcfae,analysis/benchmarks/benchmarks/ex2,3,6,1,152,60,1.0460526315789473,1.0,1.0,1.0,1.0,0.001983229
dmcfae,analysis/benchmarks/benchmarks/ex201,3,6,1,147,60,1.0408163265306123,1.0,1.0,1.0,1.0,0.001855651
dmcfae,analysis/benchmarks/benchmarks/ex21,3,6,1,178,71,1.0449438202247192,1.0,1.0,1.0,1.0,0.002445751
dmcfae,analysis/benchmarks/benchmarks/ex22,3,6,1,356,139,1.050561797752809,1.0,1.0,1.0,1.0,0.006534568
dmcfae,analysis/benchmarks/benchmarks/ex23,3,6,1,271,110,1.044280442804428,1.0,1.0,1.0,1.0,0.004705266
dmcfae,analysis/benchmarks/benchmarks/ex3,3,6,1,203,81,1.0443349753694582,1.0,1.0,1.0,1.0,0.00375297
dmcfae,analysis/benchmarks/benchmarks/ex30,3,6,1,168,68,1.0416666666666667,1.0,1.0,1.0,1.0,0.00284688
dmcfae,analysis/benchmarks/benchmarks/ex31,3,6,1,264,104,1.0492424242424243,1.0,1.0,1.0,1.0,0.00557609
dmcfae,analysis/benchmarks/benchmarks/ex32,3,6,1,264,104,1.0492424242424243,1.0,1.0,1.0,1.0,0.005304964
dmcfae,analysis/benchmarks/benchmarks/ex33,3,6,1,253,101,1.0474308300395256,1.0,1.0,1.0,1.0,0.005205649
dmcfae,analysis/benchmarks/benchmarks/ex34,3,6,1,253,101,1.0474308300395256,1.0,1.0,1.0,1.0,0.005320634
dmcfae,analysis/benchmarks/benchmarks/ex4,3,6,1,203,81,1.0443349753694582,1.0,1.0,1.0,1.0,0.004015109
dmcfae,analysis/benchmarks/benchmarks/ex41,3,6,1,264,104,1.0492424242424243,1.0,1.0,1.0,1.0,0.005651161
dmcfae,analysis/benchmarks/benchmarks/ex42,3,6,1,264,104,1.0492424242424243,1.0,1.0,1.0,1.0,0.005585849
dmcfae,analysis/benchmarks/benchmarks/ex43,3,6,1,253,101,1.0474308300395256,1.0,1.0,1.0,1.0,0.005383581
dmcfae,analysis/benchmarks/benchmarks/ex44,3,6,1,253,101,1.0474308300395256,1.0,1.0,1.0,1.0,0.005536066
dmcfae,analysis/benchmarks/benchmarks/ex5,3,6,1,383,152,1.0496083550913837,1.0,1.0,1.0,1.0,0.010927622
dmcfae,analysis/benchmarks/benchmarks/ex51,3,6,1,383,152,1.0496083550913837,1.0,1.0,1.0,1.0,0.010871707
dmcfae,analysis/benchmarks/benchmarks/ex52,3,6,1,416,165,1.0504807692307692,1.0,1.0,1.0,1.0,0.011933208
dmcfae,analysis/benchmarks/benchmarks/get-set,3,6,1,465,182,1.049462365591398,1.0,1.0,1.0,1.0,0.019952525
dmcfae,analysis/benchmarks/benchmarks/sum1,3,6,1,169,67,1.047337278106509,1.0,1.0,1.0,1.0,0.003165895
dmcfae,analysis/benchmarks/benchmarks/sum1b,3,6,1,169,67,1.047337278106509,1.0,1.0,1.0,1.0,0.003161397
dmcfae,analysis/benchmarks/benchmarks/sum1c,3,6,1,172,68,1.0465116279069768,1.0,1.0,1.0,1.0,0.003206791
dmcfae,analysis/benchmarks/benchmarks/sum1d,3,6,1,172,68,1.0465116279069768,1.0,1.0,1.0,1.0,0.00319002
dmcfae,analysis/benchmarks/benchmarks/sum1x,3,6,1,169,67,1.047337278106509,1.0,1.0,1.0,1.0,0.003158161
dmcfae,analysis/benchmarks/benchmarks/sum2,3,6,1,250,98,1.052,1.0,1.0,1.0,1.0,0.005712224
dmcfae,analysis/benchmarks/benchmarks/sum2b,3,6,1,250,98,1.052,1.0,1.0,1.0,1.0,0.005856162
dmcfae,analysis/benchmarks/benchmarks/sum2c,3,6,1,256,100,1.05078125,1.0,1.0,1.0,1.0,0.005968733
dmcfae,analysis/benchmarks/benchmarks/sum2d,3,6,1,256,100,1.05078125,1.0,1.0,1.0,1.0,0.005890417
dmcfae,analysis/benchmarks/benchmarks/ex1,4,1,1,92,36,1.0434782608695652,1.0,1.0,1.0,1.0,0.000825941
dmcfae,analysis/benchmarks/benchmarks/ex10,4,1,1,115,46,1.0434782608695652,1.0,1.0,1.0,1.0,0.001336122
dmcfae,analysis/benchmarks/benchmarks/ex11,4,1,1,130,52,1.0461538461538462,1.0,1.0,1.0,1.0,0.001226928
dmcfae,analysis/benchmarks/benchmarks/ex12,4,1,1,130,52,1.0461538461538462,1.0,1.0,1.0,1.0,0.00130243
dmcfae,analysis/benchmarks/benchmarks/ex13,4,1,1,145,58,1.0482758620689656,1.0,1.0,1.0,1.0,0.00134541
dmcfae,analysis/benchmarks/benchmarks/ex2,4,1,1,152,60,1.0460526315789473,1.0,1.0,1.0,1.0,0.00152276
dmcfae,analysis/benchmarks/benchmarks/ex201,4,1,1,147,60,1.0408163265306123,1.0,1.0,1.0,1.0,0.001550061
dmcfae,analysis/benchmarks/benchmarks/ex21,4,1,1,178,71,1.0449438202247192,1.0,1.0,1.0,1.0,0.002005641
dmcfae,analysis/benchmarks/benchmarks/ex22,4,1,0,308,117,1.1103896103896105,1.1367521367521367,2.0,1.3666666666666667,1.1521739130434783,0.006452145
dmcfae,analysis/benchmarks/benchmarks/ex23,4,1,0,243,96,1.0987654320987654,1.125,2.0,1.4210526315789473,1.123456790123457,0.0051144
dmcfae,analysis/benchmarks/benchmarks/ex3,4,1,1,203,81,1.0443349753694582,1.0,1.0,1.0,1.0,0.002942509
dmcfae,analysis/benchmarks/benchmarks/ex30,4,1,1,168,68,1.0416666666666667,1.0,1.0,1.0,1.0,0.002271958
dmcfae,analysis/benchmarks/benchmarks/ex31,4,1,1,264,104,1.0492424242424243,1.0,1.0,1.0,1.0,0.003955578
dmcfae,analysis/benchmarks/benchmarks/ex32,4,1,1,264,104,1.0492424242424243,1.0,1.0,1.0,1.0,0.003898331
dmcfae,analysis/benchmarks/benchmarks/ex33,4,1,1,253,101,1.0474308300395256,1.0,1.0,1.0,1.0,0.0039999
dmcfae,analysis/benchmarks/benchmarks/ex34,4,1,1,253,101,1.0474308300395256,1.0,1.0,1.0,1.0,0.004100147
dmcfae,analysis/benchmarks/benchmarks/ex4,4,1,1,203,81,1.0443349753694582,1.0,1.0,1.0,1.0,0.003067472
dmcfae,analysis/benchmarks/benchmarks/ex41,4,1,1,264,104,1.0492424242424243,1.0,1.0,1.0,1.0,0.004395267
dmcfae,analysis/benchmarks/benchmarks/ex42,4,1,1,264,104,1.0492424242424243,1.0,1.0,1.0,1.0,0.004263032
dmcfae,analysis/benchmarks/benchmarks/ex43,4,1,1,253,101,1.0474308300395256,1.0,1.0,1.0,1.0,0.004225772
dmcfae,analysis/benchmarks/benchmarks/ex44,4,1,1,253,101,1.0474308300395256,1.0,1.0,1.0,1.0,0.00420368
dmcfae,analysis/benchmarks/benchmarks/ex5,4,1,1,383,152,1.0496083550913837,1.0,1.0,1.0,1.0,0.008195706
dmcfae,analysis/benchmarks/benchmarks/ex51,4,1,1,383,152,1.0496083550913837,1.0,1.0,1.0,1.0,0.008184686
dmcfae,analysis/benchmarks/benchmarks/ex52,4,1,0,407,161,1.054054054054054,1.0062111801242235,1.0,1.0061349693251533,1.0671140939597314,0.008876988
dmcfae,analysis/benchmarks/benchmarks/get-set,4,1,1,465,182,1.049462365591398,1.0,1.0,1.0,1.0,0.013507794
dmcfae,analysis/benchmarks/benchmarks/sum1,4,1,1,169,67,1.047337278106509,1.0,1.0,1.0,1.0,0.002647969
dmcfae,analysis/benchmarks/benchmarks/sum1b,4,1,1,169,67,1.047337278106509,1.0,1.0,1.0,1.0,0.002557119
dmcfae,analysis/benchmarks/benchmarks/sum1c,4,1,1,172,68,1.0465116279069768,1.0,1.0,1.0,1.0,0.002692742
dmcfae,analysis/benchmarks/benchmarks/sum1d,4,1,1,172,68,1.0465116279069768,1.0,1.0,1.0,1.0,0.002657296
dmcfae,analysis/benchmarks/benchmarks/sum1x,4,1,1,169,67,1.047337278106509,1.0,1.0,1.0,1.0,0.002603145
dmcfae,analysis/benchmarks/benchmarks/sum2,4,1,0,225,87,1.0755555555555556,1.0459770114942528,1.3333333333333333,1.0786516853932584,1.144736842105263,0.004358049
dmcfae,analysis/benchmarks/benchmarks/sum2b,4,1,0,225,87,1.08,1.0574712643678161,1.3333333333333333,1.1123595505617978,1.144736842105263,0.004392874
dmcfae,analysis/benchmarks/benchmarks/sum2c,4,1,0,245,93,1.0938775510204082,1.086021505376344,1.3333333333333333,1.1030927835051547,1.2,0.005162539
dmcfae,analysis/benchmarks/benchmarks/sum2d,4,1,0,245,93,1.0979591836734695,1.096774193548387,1.3333333333333333,1.134020618556701,1.2,0.005113658
dmcfae,analysis/benchmarks/benchmarks/ex1,4,2,1,92,36,1.0434782608695652,1.0,1.0,1.0,1.0,0.000970109
dmcfae,analysis/benchmarks/benchmarks/ex10,4,2,1,115,46,1.0434782608695652,1.0,1.0,1.0,1.0,0.001230936
dmcfae,analysis/benchmarks/benchmarks/ex11,4,2,1,130,52,1.0461538461538462,1.0,1.0,1.0,1.0,0.001631944
dmcfae,analysis/benchmarks/benchmarks/ex12,4,2,1,130,52,1.0461538461538462,1.0,1.0,1.0,1.0,0.001591137
dmcfae,analysis/benchmarks/benchmarks/ex13,4,2,1,145,58,1.0482758620689656,1.0,1.0,1.0,1.0,0.001657732
dmcfae,analysis/benchmarks/benchmarks/ex2,4,2,1,152,60,1.0460526315789473,1.0,1.0,1.0,1.0,0.001883984
dmcfae,analysis/benchmarks/benchmarks/ex201,4,2,1,147,60,1.0408163265306123,1.0,1.0,1.0,1.0,0.001897599
dmcfae,analysis/benchmarks/benchmarks/ex21,4,2,1,178,71,1.0449438202247192,1.0,1.0,1.0,1.0,0.002470067
dmcfae,analysis/benchmarks/benchmarks/ex22,4,2,1,356,139,1.050561797752809,1.0,1.0,1.0,1.0,0.005503625
dmcfae,analysis/benchmarks/benchmarks/ex23,4,2,1,271,110,1.044280442804428,1.0,1.0,1.0,1.0,0.004242012
dmcfae,analysis/benchmarks/benchmarks/ex3,4,2,1,203,81,1.0443349753694582,1.0,1.0,1.0,1.0,0.003564909
dmcfae,analysis/benchmarks/benchmarks/ex30,4,2,1,168,68,1.0416666666666667,1.0,1.0,1.0,1.0,0.002757813
dmcfae,analysis/benchmarks/benchmarks/ex31,4,2,1,264,104,1.0492424242424243,1.0,1.0,1.0,1.0,0.005227901
dmcfae,analysis/benchmarks/benchmarks/ex32,4,2,1,264,104,1.0492424242424243,1.0,1.0,1.0,1.0,0.005114078
dmcfae,analysis/benchmarks/benchmarks/ex33,4,2,1,253,101,1.0474308300395256,1.0,1.0,1.0,1.0,0.004882898
dmcfae,analysis/benchmarks/benchmarks/ex34,4,2,1,253,101,1.0474308300395256,1.0,1.0,1.0,1.0,0.005080816
dmcfae,analysis/benchmarks/benchmarks/ex4,4,2,1,203,81,1.0443349753694582,1.0,1.0,1.0,1.0,0.003891018
dmcfae,analysis/benchmarks/benchmarks/ex41,4,2,1,264,104,1.0492424242424243,1.0,1.0,1.0,1.0,0.005486233
dmcfae,analysis/benchmarks/benchmarks/ex42,4,2,1,264,104,1.0492424242424243,1.0,1.0,1.0,1.0,0.005287362
dmcfae,analysis/benchmarks/benchmarks/ex43,4,2,1,253,101,1.0474308300395256,1.0,1.0,1.0,1.0,0.005088692
dmcfae,analysis/benchmarks/benchmarks/ex44,4,2,1,253,101,1.0474308300395256,1.0,1.0,1.0,1.0,0.005297851
dmcfae,analysis/benchmarks/benchmarks/ex5,4,2,1,383,152,1.0496083550913837,1.0,1.0,1.0,1.0,0.010490016
dmcfae,analysis/benchmarks/benchmarks/ex51,4,2,1,383,152,1.0496083550913837,1.0,1.0,1.0,1.0,0.010166182
dmcfae,analysis/benchmarks/benchmarks/ex52,4,2,1,416,165,1.0504807692307692,1.0,1.0,1.0,1.0,0.011007531
dmcfae,analysis/benchmarks/benchmarks/get-set,4,2,1,465,182,1.049462365591398,1.0,1.0,1.0,1.0,0.016524431
dmcfae,analysis/benchmarks/benchmarks/sum1,4,2,1,169,67,1.047337278106509,1.0,1.0,1.0,1.0,0.003248319
dmcfae,analysis/benchmarks/benchmarks/sum1b,4,2,1,169,67,1.047337278106509,1.0,1.0,1.0,1.0,0.003178859
dmcfae,analysis/benchmarks/benchmarks/sum1c,4,2,1,172,68,1.0465116279069768,1.0,1.0,1.0,1.0,0.003389121
dmcfae,analysis/benchmarks/benchmarks/sum1d,4,2,1,172,68,1.0465116279069768,1.0,1.0,1.0,1.0,0.003219545
dmcfae,analysis/benchmarks/benchmarks/sum1x,4,2,1,169,67,1.047337278106509,1.0,1.0,1.0,1.0,0.003075646
dmcfae,analysis/benchmarks/benchmarks/sum2,4,2,1,250,98,1.052,1.0,1.0,1.0,1.0,0.005238881
dmcfae,analysis/benchmarks/benchmarks/sum2b,4,2,1,250,98,1.052,1.0,1.0,1.0,1.0,0.005166767
dmcfae,analysis/benchmarks/benchmarks/sum2c,4,2,1,256,100,1.05078125,1.0,1.0,1.0,1.0,0.005521739
dmcfae,analysis/benchmarks/benchmarks/sum2d,4,2,1,256,100,1.05078125,1.0,1.0,1.0,1.0,0.005472587
dmcfae,analysis/benchmarks/benchmarks/ex1,4,3,1,92,36,1.0434782608695652,1.0,1.0,1.0,1.0,0.000974207
dmcfae,analysis/benchmarks/benchmarks/ex10,4,3,1,115,46,1.0434782608695652,1.0,1.0,1.0,1.0,0.001503986
dmcfae,analysis/benchmarks/benchmarks/ex11,4,3,1,130,52,1.0461538461538462,1.0,1.0,1.0,1.0,0.001536056
dmcfae,analysis/benchmarks/benchmarks/ex12,4,3,1,130,52,1.0461538461538462,1.0,1.0,1.0,1.0,0.001585127
dmcfae,analysis/benchmarks/benchmarks/ex13,4,3,1,145,58,1.0482758620689656,1.0,1.0,1.0,1.0,0.00189249
dmcfae,analysis/benchmarks/benchmarks/ex2,4,3,1,152,60,1.0460526315789473,1.0,1.0,1.0,1.0,0.001889614
dmcfae,analysis/benchmarks/benchmarks/ex201,4,3,1,147,60,1.0408163265306123,1.0,1.0,1.0,1.0,0.001921234
dmcfae,analysis/benchmarks/benchmarks/ex21,4,3,1,178,71,1.0449438202247192,1.0,1.0,1.0,1.0,0.002520751
dmcfae,analysis/benchmarks/benchmarks/ex22,4,3,1,356,139,1.050561797752809,1.0,1.0,1.0,1.0,0.006389668
dmcfae,analysis/benchmarks/benchmarks/ex23,4,3,1,271,110,1.044280442804428,1.0,1.0,1.0,1.0,0.004604758
dmcfae,analysis/benchmarks/benchmarks/ex3,4,3,1,203,81,1.0443349753694582,1.0,1.0,1.0,1.0,0.003639037
dmcfae,analysis/benchmarks/benchmarks/ex30,4,3,1,168,68,1.0416666666666667,1.0,1.0,1.0,1.0,0.002757413
dmcfae,analysis/benchmarks/benchmarks/ex31,4,3,1,264,104,1.0492424242424243,1.0,1.0,1.0,1.0,0.005400442
dmcfae,analysis/benchmarks/benchmarks/ex32,4,3,1,264,104,1.0492424242424243,1.0,1.0,1.0,1.0,0.00541502
dmcfae,analysis/benchmarks/benchmarks/ex33,4,3,1,253,101,1.0474308300395256,1.0,1.0,1.0,1.0,0.005334871
dmcfae,analysis/benchmarks/benchmarks/ex34,4,3,1,253,101,1.0474308300395256,1.0,1.0,1.0,1.0,0.00522716
dmcfae,analysis/benchmarks/benchmarks/ex4,4,3,1,203,81,1.0443349753694582,1.0,1.0,1.0,1.0,0.003904773
dmcfae,analysis/benchmarks/benchmarks/ex41,4,3,1,264,104,1.0492424242424243,1.0,1.0,1.0,1.0,0.005569568
dmcfae,analysis/benchmarks/benchmarks/ex42,4,3,1,264,104,1.0492424242424243,1.0,1.0,1.0,1.0,0.005654266
dmcfae,analysis/benchmarks/benchmarks/ex43,4,3,1,253,101,1.0474308300395256,1.0,1.0,1.0,1.0,0.005464973
dmcfae,analysis/benchmarks/benchmarks/ex44,4,3,1,253,101,1.0474308300395256,1.0,1.0,1.0,1.0,0.005715511
dmcfae,analysis/benchmarks/benchmarks/ex5,4,3,1,383,152,1.0496083550913837,1.0,1.0,1.0,1.0,0.011026666
dmcfae,analysis/benchmarks/benchmarks/ex51,4,3,1,383,152,1.0496083550913837,1.0,1.0,1.0,1.0,0.010924236
dmcfae,analysis/benchmarks/benchmarks/ex52,4,3,1,416,165,1.0504807692307692,1.0,1.0,1.0,1.0,0.011765405
dmcfae,analysis/benchmarks/benchmarks/get-set,4,3,1,465,182,1.049462365591398,1.0,1.0,1.0,1.0,0.01829317
dmcfae,analysis/benchmarks/benchmarks/sum1,4,3,1,169,67,1.047337278106509,1.0,1.0,1.0,1.0,0.003246064
dmcfae,analysis/benchmarks/benchmarks/sum1b,4,3,1,169,67,1.047337278106509,1.0,1.0,1.0,1.0,0.0031793
dmcfae,analysis/benchmarks/benchmarks/sum1c,4,3,1,172,68,1.0465116279069768,1.0,1.0,1.0,1.0,0.003324921
dmcfae,analysis/benchmarks/benchmarks/sum1d,4,3,1,172,68,1.0465116279069768,1.0,1.0,1.0,1.0,0.003346633
dmcfae,analysis/benchmarks/benchmarks/sum1x,4,3,1,169,67,1.047337278106509,1.0,1.0,1.0,1.0,0.003235485
dmcfae,analysis/benchmarks/benchmarks/sum2,4,3,1,250,98,1.052,1.0,1.0,1.0,1.0,0.005700502
dmcfae,analysis/benchmarks/benchmarks/sum2b,4,3,1,250,98,1.052,1.0,1.0,1.0,1.0,0.005657011
dmcfae,analysis/benchmarks/benchmarks/sum2c,4,3,1,256,100,1.05078125,1.0,1.0,1.0,1.0,0.005860611
dmcfae,analysis/benchmarks/benchmarks/sum2d,4,3,1,256,100,1.05078125,1.0,1.0,1.0,1.0,0.005819815
dmcfae,analysis/benchmarks/benchmarks/ex1,4,4,1,92,36,1.0434782608695652,1.0,1.0,1.0,1.0,0.001230656
dmcfae,analysis/benchmarks/benchmarks/ex10,4,4,1,115,46,1.0434782608695652,1.0,1.0,1.0,1.0,0.001272604
dmcfae,analysis/benchmarks/benchmarks/ex11,4,4,1,130,52,1.0461538461538462,1.0,1.0,1.0,1.0,0.001695743
dmcfae,analysis/benchmarks/benchmarks/ex12,4,4,1,130,52,1.0461538461538462,1.0,1.0,1.0,1.0,0.001488306
dmcfae,analysis/benchmarks/benchmarks/ex13,4,4,1,145,58,1.0482758620689656,1.0,1.0,1.0,1.0,0.001808052
dmcfae,analysis/benchmarks/benchmarks/ex2,4,4,1,152,60,1.0460526315789473,1.0,1.0,1.0,1.0,0.001993047
dmcfae,analysis/benchmarks/benchmarks/ex201,4,4,1,147,60,1.0408163265306123,1.0,1.0,1.0,1.0,0.001866281
dmcfae,analysis/benchmarks/benchmarks/ex21,4,4,1,178,71,1.0449438202247192,1.0,1.0,1.0,1.0,0.002462694
dmcfae,analysis/benchmarks/benchmarks/ex22,4,4,1,356,139,1.050561797752809,1.0,1.0,1.0,1.0,0.006479385
dmcfae,analysis/benchmarks/benchmarks/ex23,4,4,1,271,110,1.044280442804428,1.0,1.0,1.0,1.0,0.004690519
dmcfae,analysis/benchmarks/benchmarks/ex3,4,4,1,203,81,1.0443349753694582,1.0,1.0,1.0,1.0,0.003813744
dmcfae,analysis/benchmarks/benchmarks/ex30,4,4,1,168,68,1.0416666666666667,1.0,1.0,1.0,1.0,0.002821032
dmcfae,analysis/benchmarks/benchmarks/ex31,4,4,1,264,104,1.0492424242424243,1.0,1.0,1.0,1.0,0.005517191
dmcfae,analysis/benchmarks/benchmarks/ex32,4,4,1,264,104,1.0492424242424243,1.0,1.0,1.0,1.0,0.005270511
dmcfae,analysis/benchmarks/benchmarks/ex33,4,4,1,253,101,1.0474308300395256,1.0,1.0,1.0,1.0,0.005255904
dmcfae,analysis/benchmarks/benchmarks/ex34,4,4,1,253,101,1.0474308300395256,1.0,1.0,1.0,1.0,0.005339139
dmcfae,analysis/benchmarks/benchmarks/ex4,4,4,1,203,81,1.0443349753694582,1.0,1.0,1.0,1.0,0.00406413
dmcfae,analysis/benchmarks/benchmarks/ex41,4,4,1,264,104,1.0492424242424243,1.0,1.0,1.0,1.0,0.005699301
dmcfae,analysis/benchmarks/benchmarks/ex42,4,4,1,264,104,1.0492424242424243,1.0,1.0,1.0,1.0,0.005643706
dmcfae,analysis/benchmarks/benchmarks/ex43,4,4,1,253,101,1.0474308300395256,1.0,1.0,1.0,1.0,0.005422705
dmcfae,analysis/benchmarks/benchmarks/ex44,4,4,1,253,101,1.0474308300395256,1.0,1.0,1.0,1.0,0.005515076
dmcfae,analysis/benchmarks/benchmarks/ex5,4,4,1,383,152,1.0496083550913837,1.0,1.0,1.0,1.0,0.011025655
dmcfae,analysis/benchmarks/benchmarks/ex51,4,4,1,383,152,1.0496083550913837,1.0,1.0,1.0,1.0,0.011021687
dmcfae,analysis/benchmarks/benchmarks/ex52,4,4,1,416,165,1.0504807692307692,1.0,1.0,1.0,1.0,0.012161934
dmcfae,analysis/benchmarks/benchmarks/get-set,4,4,1,465,182,1.049462365591398,1.0,1.0,1.0,1.0,0.019304707
dmcfae,analysis/benchmarks/benchmarks/sum1,4,4,1,169,67,1.047337278106509,1.0,1.0,1.0,1.0,0.003257857
dmcfae,analysis/benchmarks/benchmarks/sum1b,4,4,1,169,67,1.047337278106509,1.0,1.0,1.0,1.0,0.003197784
dmcfae,analysis/benchmarks/benchmarks/sum1c,4,4,1,172,68,1.0465116279069768,1.0,1.0,1.0,1.0,0.003569859
dmcfae,analysis/benchmarks/benchmarks/sum1d,4,4,1,172,68,1.0465116279069768,1.0,1.0,1.0,1.0,0.003198456
dmcfae,analysis/benchmarks/benchmarks/sum1x,4,4,1,169,67,1.047337278106509,1.0,1.0,1.0,1.0,0.003190661
dmcfae,analysis/benchmarks/benchmarks/sum2,4,4,1,250,98,1.052,1.0,1.0,1.0,1.0,0.005723446
dmcfae,analysis/benchmarks/benchmarks/sum2b,4,4,1,250,98,1.052,1.0,1.0,1.0,1.0,0.005953895
dmcfae,analysis/benchmarks/benchmarks/sum2c,4,4,1,256,100,1.05078125,1.0,1.0,1.0,1.0,0.006018175
dmcfae,analysis/benchmarks/benchmarks/sum2d,4,4,1,256,100,1.05078125,1.0,1.0,1.0,1.0,0.005994662
dmcfae,analysis/benchmarks/benchmarks/ex1,4,5,1,92,36,1.0434782608695652,1.0,1.0,1.0,1.0,0.000978475
dmcfae,analysis/benchmarks/benchmarks/ex10,4,5,1,115,46,1.0434782608695652,1.0,1.0,1.0,1.0,0.001534913
dmcfae,analysis/benchmarks/benchmarks/ex11,4,5,1,130,52,1.0461538461538462,1.0,1.0,1.0,1.0,0.001543068
dmcfae,analysis/benchmarks/benchmarks/ex12,4,5,1,130,52,1.0461538461538462,1.0,1.0,1.0,1.0,0.001639418
dmcfae,analysis/benchmarks/benchmarks/ex13,4,5,1,145,58,1.0482758620689656,1.0,1.0,1.0,1.0,0.001773257
dmcfae,analysis/benchmarks/benchmarks/ex2,4,5,1,152,60,1.0460526315789473,1.0,1.0,1.0,1.0,0.001959815
dmcfae,analysis/benchmarks/benchmarks/ex201,4,5,1,147,60,1.0408163265306123,1.0,1.0,1.0,1.0,0.001982377
dmcfae,analysis/benchmarks/benchmarks/ex21,4,5,1,178,71,1.0449438202247192,1.0,1.0,1.0,1.0,0.002574762
dmcfae,analysis/benchmarks/benchmarks/ex22,4,5,1,356,139,1.050561797752809,1.0,1.0,1.0,1.0,0.00673411
dmcfae,analysis/benchmarks/benchmarks/ex23,4,5,1,271,110,1.044280442804428,1.0,1.0,1.0,1.0,0.005277344
dmcfae,analysis/benchmarks/benchmarks/ex3,4,5,1,203,81,1.0443349753694582,1.0,1.0,1.0,1.0,0.003601237
dmcfae,analysis/benchmarks/benchmarks/ex30,4,5,1,168,68,1.0416666666666667,1.0,1.0,1.0,1.0,0.002747926
dmcfae,analysis/benchmarks/benchmarks/ex31,4,5,1,264,104,1.0492424242424243,1.0,1.0,1.0,1.0,0.005396325
dmcfae,analysis/benchmarks/benchmarks/ex32,4,5,1,264,104,1.0492424242424243,1.0,1.0,1.0,1.0,0.005368554
dmcfae,analysis/benchmarks/benchmarks/ex33,4,5,1,253,101,1.0474308300395256,1.0,1.0,1.0,1.0,0.005084313
dmcfae,analysis/benchmarks/benchmarks/ex34,4,5,1,253,101,1.0474308300395256,1.0,1.0,1.0,1.0,0.005278976
dmcfae,analysis/benchmarks/benchmarks/ex4,4,5,1,203,81,1.0443349753694582,1.0,1.0,1.0,1.0,0.003952402
dmcfae,analysis/benchmarks/benchmarks/ex41,4,5,1,264,104,1.0492424242424243,1.0,1.0,1.0,1.0,0.005577743
dmcfae,analysis/benchmarks/benchmarks/ex42,4,5,1,264,104,1.0492424242424243,1.0,1.0,1.0,1.0,0.005515207
dmcfae,analysis/benchmarks/benchmarks/ex43,4,5,1,253,101,1.0474308300395256,1.0,1.0,1.0,1.0,0.00553307
dmcfae,analysis/benchmarks/benchmarks/ex44,4,5,1,253,101,1.0474308300395256,1.0,1.0,1.0,1.0,0.005573085
dmcfae,analysis/benchmarks/benchmarks/ex5,4,5,1,383,152,1.0496083550913837,1.0,1.0,1.0,1.0,0.011030864
dmcfae,analysis/benchmarks/benchmarks/ex51,4,5,1,383,152,1.0496083550913837,1.0,1.0,1.0,1.0,0.010964371
dmcfae,analysis/benchmarks/benchmarks/ex52,4,5,1,416,165,1.0504807692307692,1.0,1.0,1.0,1.0,0.01189133
dmcfae,analysis/benchmarks/benchmarks/get-set,4,5,1,465,182,1.049462365591398,1.0,1.0,1.0,1.0,0.019865383
dmcfae,analysis/benchmarks/benchmarks/sum1,4,5,1,169,67,1.047337278106509,1.0,1.0,1.0,1.0,0.00331323
dmcfae,analysis/benchmarks/benchmarks/sum1b,4,5,1,169,67,1.047337278106509,1.0,1.0,1.0,1.0,0.003260441
dmcfae,analysis/benchmarks/benchmarks/sum1c,4,5,1,172,68,1.0465116279069768,1.0,1.0,1.0,1.0,0.003345089
dmcfae,analysis/benchmarks/benchmarks/sum1d,4,5,1,172,68,1.0465116279069768,1.0,1.0,1.0,1.0,0.003353284
dmcfae,analysis/benchmarks/benchmarks/sum1x,4,5,1,169,67,1.047337278106509,1.0,1.0,1.0,1.0,0.003255182
dmcfae,analysis/benchmarks/benchmarks/sum2,4,5,1,250,98,1.052,1.0,1.0,1.0,1.0,0.005825816
dmcfae,analysis/benchmarks/benchmarks/sum2b,4,5,1,250,98,1.052,1.0,1.0,1.0,1.0,0.005832769
dmcfae,analysis/benchmarks/benchmarks/sum2c,4,5,1,256,100,1.05078125,1.0,1.0,1.0,1.0,0.005852536
dmcfae,analysis/benchmarks/benchmarks/sum2d,4,5,1,256,100,1.05078125,1.0,1.0,1.0,1.0,0.005823352
dmcfae,analysis/benchmarks/benchmarks/ex1,4,6,1,92,36,1.0434782608695652,1.0,1.0,1.0,1.0,0.00097572
dmcfae,analysis/benchmarks/benchmarks/ex10,4,6,1,115,46,1.0434782608695652,1.0,1.0,1.0,1.0,0.001491121
dmcfae,analysis/benchmarks/benchmarks/ex11,4,6,1,130,52,1.0461538461538462,1.0,1.0,1.0,1.0,0.001760033
dmcfae,analysis/benchmarks/benchmarks/ex12,4,6,1,130,52,1.0461538461538462,1.0,1.0,1.0,1.0,0.001505889
dmcfae,analysis/benchmarks/benchmarks/ex13,4,6,1,145,58,1.0482758620689656,1.0,1.0,1.0,1.0,0.001879906
dmcfae,analysis/benchmarks/benchmarks/ex2,4,6,1,152,60,1.0460526315789473,1.0,1.0,1.0,1.0,0.002051617
dmcfae,analysis/benchmarks/benchmarks/ex201,4,6,1,147,60,1.0408163265306123,1.0,1.0,1.0,1.0,0.00190857
dmcfae,analysis/benchmarks/benchmarks/ex21,4,6,1,178,71,1.0449438202247192,1.0,1.0,1.0,1.0,0.002480356
dmcfae,analysis/benchmarks/benchmarks/ex22,4,6,1,356,139,1.050561797752809,1.0,1.0,1.0,1.0,0.006549125
dmcfae,analysis/benchmarks/benchmarks/ex23,4,6,1,271,110,1.044280442804428,1.0,1.0,1.0,1.0,0.004764978
dmcfae,analysis/benchmarks/benchmarks/ex3,4,6,1,203,81,1.0443349753694582,1.0,1.0,1.0,1.0,0.003816819
dmcfae,analysis/benchmarks/benchmarks/ex30,4,6,1,168,68,1.0416666666666667,1.0,1.0,1.0,1.0,0.002857129
dmcfae,analysis/benchmarks/benchmarks/ex31,4,6,1,264,104,1.0492424242424243,1.0,1.0,1.0,1.0,0.005315134
dmcfae,analysis/benchmarks/benchmarks/ex32,4,6,1,264,104,1.0492424242424243,1.0,1.0,1.0,1.0,0.005410001
dmcfae,analysis/benchmarks/benchmarks/ex33,4,6,1,253,101,1.0474308300395256,1.0,1.0,1.0,1.0,0.005296599
dmcfae,analysis/benchmarks/benchmarks/ex34,4,6,1,253,101,1.0474308300395256,1.0,1.0,1.0,1.0,0.005472718
dmcfae,analysis/benchmarks/benchmarks/ex4,4,6,1,203,81,1.0443349753694582,1.0,1.0,1.0,1.0,0.003880148
dmcfae,analysis/benchmarks/benchmarks/ex41,4,6,1,264,104,1.0492424242424243,1.0,1.0,1.0,1.0,0.005764502
dmcfae,analysis/benchmarks/benchmarks/ex42,4,6,1,264,104,1.0492424242424243,1.0,1.0,1.0,1.0,0.005574608
dmcfae,analysis/benchmarks/benchmarks/ex43,4,6,1,253,101,1.0474308300395256,1.0,1.0,1.0,1.0,0.005503956
dmcfae,analysis/benchmarks/benchmarks/ex44,4,6,1,253,101,1.0474308300395256,1.0,1.0,1.0,1.0,0.005566493
dmcfae,analysis/benchmarks/benchmarks/ex5,4,6,1,383,152,1.0496083550913837,1.0,1.0,1.0,1.0,0.010986121
dmcfae,analysis/benchmarks/benchmarks/ex51,4,6,1,383,152,1.0496083550913837,1.0,1.0,1.0,1.0,0.010902565
dmcfae,analysis/benchmarks/benchmarks/ex52,4,6,1,416,165,1.0504807692307692,1.0,1.0,1.0,1.0,0.011819415
dmcfae,analysis/benchmarks/benchmarks/get-set,4,6,1,465,182,1.049462365591398,1.0,1.0,1.0,1.0,0.020283022
dmcfae,analysis/benchmarks/benchmarks/sum1,4,6,1,169,67,1.047337278106509,1.0,1.0,1.0,1.0,0.00322232
dmcfae,analysis/benchmarks/benchmarks/sum1b,4,6,1,169,67,1.047337278106509,1.0,1.0,1.0,1.0,0.003191543
dmcfae,analysis/benchmarks/benchmarks/sum1c,4,6,1,172,68,1.0465116279069768,1.0,1.0,1.0,1.0,0.003266703
dmcfae,analysis/benchmarks/benchmarks/sum1d,4,6,1,172,68,1.0465116279069768,1.0,1.0,1.0,1.0,0.003249531
dmcfae,analysis/benchmarks/benchmarks/sum1x,4,6,1,169,67,1.047337278106509,1.0,1.0,1.0,1.0,0.003187525
dmcfae,analysis/benchmarks/benchmarks/sum2,4,6,1,250,98,1.052,1.0,1.0,1.0,1.0,0.005766495
dmcfae,analysis/benchmarks/benchmarks/sum2b,4,6,1,250,98,1.052,1.0,1.0,1.0,1.0,0.005873285
dmcfae,analysis/benchmarks/benchmarks/sum2c,4,6,1,256,100,1.05078125,1.0,1.0,1.0,1.0,0.005810818
dmcfae,analysis/benchmarks/benchmarks/sum2d,4,6,1,256,100,1.05078125,1.0,1.0,1.0,1.0,0.005708958

