Analysis,File/Example,D,M(K),Precise,NEval,NApply,AvgEval,AvgApply,AvgMK,AvgK,AvgS,Time
dmcfa,analysis/benchmarks/benchmarks/ex1,0,1,1,92,36,1.0434782608695652,1.0,1.0,1.0,1.0,0.001117644
dmcfa,analysis/benchmarks/benchmarks/ex10,0,1,1,115,46,1.0434782608695652,1.0,1.0,1.0,1.0,0.000778242
dmcfa,analysis/benchmarks/benchmarks/ex11,0,1,1,130,52,1.0461538461538462,1.0,1.0,1.0,1.0,0.001150546
dmcfa,analysis/benchmarks/benchmarks/ex12,0,1,1,130,52,1.0461538461538462,1.0,1.0,1.0,1.0,0.000846328
dmcfa,analysis/benchmarks/benchmarks/ex13,0,1,1,145,58,1.0482758620689656,1.0,1.0,1.0,1.0,0.00108847
dmcfa,analysis/benchmarks/benchmarks/ex2,0,1,1,152,60,1.0460526315789473,1.0,1.0,1.0,1.0,0.00137225
dmcfa,analysis/benchmarks/benchmarks/ex201,0,1,0,147,60,1.0408163265306123,1.0,1.0,1.0185185185185186,1.1355932203389831,0.000988894
dmcfa,analysis/benchmarks/benchmarks/ex21,0,1,0,178,71,1.0449438202247192,1.0,1.0,1.0153846153846153,1.1142857142857143,0.00143169
dmcfa,analysis/benchmarks/benchmarks/ex22,0,1,0,306,115,1.1045751633986929,1.1217391304347826,2.0,1.4554455445544554,1.1264367816091954,0.003815196
dmcfa,analysis/benchmarks/benchmarks/ex23,0,1,0,243,96,1.0987654320987654,1.125,2.0,1.5316455696202531,1.12,0.003087188
dmcfa,analysis/benchmarks/benchmarks/ex3,0,1,1,203,81,1.0443349753694582,1.0,1.0,1.0,1.0,0.001897018
dmcfa,analysis/benchmarks/benchmarks/ex30,0,1,1,168,68,1.0416666666666667,1.0,1.0,1.0,1.0,0.001665727
dmcfa,analysis/benchmarks/benchmarks/ex31,0,1,1,264,104,1.0492424242424243,1.0,1.0,1.0,1.0,0.003893572
dmcfa,analysis/benchmarks/benchmarks/ex32,0,1,1,264,104,1.0492424242424243,1.0,1.0,1.0,1.0,0.004024206
dmcfa,analysis/benchmarks/benchmarks/ex33,0,1,1,253,101,1.0474308300395256,1.0,1.0,1.0,1.0,0.004912673
dmcfa,analysis/benchmarks/benchmarks/ex34,0,1,1,253,101,1.0474308300395256,1.0,1.0,1.0,1.0,0.002412229
dmcfa,analysis/benchmarks/benchmarks/ex4,0,1,1,203,81,1.0443349753694582,1.0,1.0,1.0,1.0,0.002216955
dmcfa,analysis/benchmarks/benchmarks/ex41,0,1,1,264,104,1.0492424242424243,1.0,1.0,1.0,1.0,0.002863621
dmcfa,analysis/benchmarks/benchmarks/ex42,0,1,1,264,104,1.0492424242424243,1.0,1.0,1.0,1.0,0.003571682
dmcfa,analysis/benchmarks/benchmarks/ex43,0,1,1,253,101,1.0474308300395256,1.0,1.0,1.0,1.0,0.003400934
dmcfa,analysis/benchmarks/benchmarks/ex44,0,1,1,253,101,1.0474308300395256,1.0,1.0,1.0,1.0,0.003508103
dmcfa,analysis/benchmarks/benchmarks/ex5,0,1,1,383,152,1.0496083550913837,1.0,1.0,1.0,1.0,0.00606382
dmcfa,analysis/benchmarks/benchmarks/ex51,0,1,1,383,152,1.0496083550913837,1.0,1.0,1.0,1.0,0.004488271
dmcfa,analysis/benchmarks/benchmarks/ex52,0,1,0,407,161,1.054054054054054,1.0062111801242235,1.0,1.0061349693251533,1.0598802395209581,0.005094902
dmcfa,analysis/benchmarks/benchmarks/get-set,0,1,0,492,192,1.0975609756097562,1.1197916666666667,1.2857142857142858,1.054263565891473,1.144927536231884,0.008954792
dmcfa,analysis/benchmarks/benchmarks/sum1,0,1,1,169,67,1.047337278106509,1.0,1.0,1.0,1.0,0.002182421
dmcfa,analysis/benchmarks/benchmarks/sum1b,0,1,1,169,67,1.047337278106509,1.0,1.0,1.0,1.0,0.001969834
dmcfa,analysis/benchmarks/benchmarks/sum1c,0,1,1,172,68,1.0465116279069768,1.0,1.0,1.0,1.0,0.001906346
dmcfa,analysis/benchmarks/benchmarks/sum1d,0,1,1,172,68,1.0465116279069768,1.0,1.0,1.0,1.0,0.001922796
dmcfa,analysis/benchmarks/benchmarks/sum1x,0,1,1,169,67,1.047337278106509,1.0,1.0,1.0,1.0,0.001912918
dmcfa,analysis/benchmarks/benchmarks/sum2,0,1,0,225,87,1.0844444444444445,1.0689655172413792,1.3333333333333333,1.1,1.1756756756756757,0.003153822
dmcfa,analysis/benchmarks/benchmarks/sum2b,0,1,0,225,87,1.0888888888888888,1.0804597701149425,1.3333333333333333,1.1375,1.1756756756756757,0.003201802
dmcfa,analysis/benchmarks/benchmarks/sum2c,0,1,0,245,93,1.0938775510204082,1.086021505376344,1.3333333333333333,1.1097560975609757,1.1710526315789473,0.003733153
dmcfa,analysis/benchmarks/benchmarks/sum2d,0,1,0,245,93,1.0979591836734695,1.096774193548387,1.3333333333333333,1.146341463414634,1.1710526315789473,0.003673231
dmcfa,analysis/benchmarks/benchmarks/ex1,0,2,1,92,36,1.0434782608695652,1.0,1.0,1.0,1.0,0.000635967
dmcfa,analysis/benchmarks/benchmarks/ex10,0,2,1,115,46,1.0434782608695652,1.0,1.0,1.0,1.0,0.001058043
dmcfa,analysis/benchmarks/benchmarks/ex11,0,2,1,130,52,1.0461538461538462,1.0,1.0,1.0,1.0,0.000886794
dmcfa,analysis/benchmarks/benchmarks/ex12,0,2,1,130,52,1.0461538461538462,1.0,1.0,1.0,1.0,0.001071929
dmcfa,analysis/benchmarks/benchmarks/ex13,0,2,1,145,58,1.0482758620689656,1.0,1.0,1.0,1.0,0.00121153
dmcfa,analysis/benchmarks/benchmarks/ex2,0,2,1,152,60,1.0460526315789473,1.0,1.0,1.0,1.0,0.001182195
dmcfa,analysis/benchmarks/benchmarks/ex201,0,2,0,147,60,1.0408163265306123,1.0,1.0,1.0185185185185186,1.1355932203389831,0.001191983
dmcfa,analysis/benchmarks/benchmarks/ex21,0,2,0,178,71,1.0449438202247192,1.0,1.0,1.0153846153846153,1.1142857142857143,0.001555552
dmcfa,analysis/benchmarks/benchmarks/ex22,0,2,0,356,139,1.050561797752809,1.0,1.0,1.017094017094017,1.161904761904762,0.003802723
dmcfa,analysis/benchmarks/benchmarks/ex23,0,2,0,271,110,1.044280442804428,1.0,1.0,1.0229885057471264,1.2,0.002701429
dmcfa,analysis/benchmarks/benchmarks/ex3,0,2,1,203,81,1.0443349753694582,1.0,1.0,1.0,1.0,0.002048961
dmcfa,analysis/benchmarks/benchmarks/ex30,0,2,1,168,68,1.0416666666666667,1.0,1.0,1.0,1.0,0.0015657
dmcfa,analysis/benchmarks/benchmarks/ex31,0,2,1,264,104,1.0492424242424243,1.0,1.0,1.0,1.0,0.003047414
dmcfa,analysis/benchmarks/benchmarks/ex32,0,2,1,264,104,1.0492424242424243,1.0,1.0,1.0,1.0,0.003450695
dmcfa,analysis/benchmarks/benchmarks/ex33,0,2,1,253,101,1.0474308300395256,1.0,1.0,1.0,1.0,0.002555877
dmcfa,analysis/benchmarks/benchmarks/ex34,0,2,1,253,101,1.0474308300395256,1.0,1.0,1.0,1.0,0.002575704
dmcfa,analysis/benchmarks/benchmarks/ex4,0,2,1,203,81,1.0443349753694582,1.0,1.0,1.0,1.0,0.00244994
dmcfa,analysis/benchmarks/benchmarks/ex41,0,2,1,264,104,1.0492424242424243,1.0,1.0,1.0,1.0,0.00301876
dmcfa,analysis/benchmarks/benchmarks/ex42,0,2,1,264,104,1.0492424242424243,1.0,1.0,1.0,1.0,0.002947949
dmcfa,analysis/benchmarks/benchmarks/ex43,0,2,1,253,101,1.0474308300395256,1.0,1.0,1.0,1.0,0.002756882
dmcfa,analysis/benchmarks/benchmarks/ex44,0,2,1,253,101,1.0474308300395256,1.0,1.0,1.0,1.0,0.002740221
dmcfa,analysis/benchmarks/benchmarks/ex5,0,2,1,383,152,1.0496083550913837,1.0,1.0,1.0,1.0,0.004958218
dmcfa,analysis/benchmarks/benchmarks/ex51,0,2,1,383,152,1.0496083550913837,1.0,1.0,1.0,1.0,0.004821793
dmcfa,analysis/benchmarks/benchmarks/ex52,0,2,1,416,165,1.0504807692307692,1.0,1.0,1.0,1.0,0.005718786
dmcfa,analysis/benchmarks/benchmarks/get-set,0,2,0,456,176,1.0767543859649122,1.0568181818181819,1.2857142857142858,1.0297619047619047,1.1144578313253013,0.009238992
dmcfa,analysis/benchmarks/benchmarks/sum1,0,2,1,169,67,1.047337278106509,1.0,1.0,1.0,1.0,0.002267308
dmcfa,analysis/benchmarks/benchmarks/sum1b,0,2,1,169,67,1.047337278106509,1.0,1.0,1.0,1.0,0.002215602
dmcfa,analysis/benchmarks/benchmarks/sum1c,0,2,1,172,68,1.0465116279069768,1.0,1.0,1.0,1.0,0.00223054
dmcfa,analysis/benchmarks/benchmarks/sum1d,0,2,1,172,68,1.0465116279069768,1.0,1.0,1.0,1.0,0.002222034
dmcfa,analysis/benchmarks/benchmarks/sum1x,0,2,1,169,67,1.047337278106509,1.0,1.0,1.0,1.0,0.002229408
dmcfa,analysis/benchmarks/benchmarks/sum2,0,2,1,250,98,1.052,1.0,1.0,1.0,1.0,0.003662992
dmcfa,analysis/benchmarks/benchmarks/sum2b,0,2,1,250,98,1.052,1.0,1.0,1.0,1.0,0.003718796
dmcfa,analysis/benchmarks/benchmarks/sum2c,0,2,1,256,100,1.05078125,1.0,1.0,1.0,1.0,0.003761676
dmcfa,analysis/benchmarks/benchmarks/sum2d,0,2,1,256,100,1.05078125,1.0,1.0,1.0,1.0,0.003546705
dmcfa,analysis/benchmarks/benchmarks/ex1,0,3,1,92,36,1.0434782608695652,1.0,1.0,1.0,1.0,0.00063783
dmcfa,analysis/benchmarks/benchmarks/ex10,0,3,1,115,46,1.0434782608695652,1.0,1.0,1.0,1.0,0.000815982
dmcfa,analysis/benchmarks/benchmarks/ex11,0,3,1,130,52,1.0461538461538462,1.0,1.0,1.0,1.0,0.001143783
dmcfa,analysis/benchmarks/benchmarks/ex12,0,3,1,130,52,1.0461538461538462,1.0,1.0,1.0,1.0,0.000979597
dmcfa,analysis/benchmarks/benchmarks/ex13,0,3,1,145,58,1.0482758620689656,1.0,1.0,1.0,1.0,0.00114752
dmcfa,analysis/benchmarks/benchmarks/ex2,0,3,1,152,60,1.0460526315789473,1.0,1.0,1.0,1.0,0.001359445
dmcfa,analysis/benchmarks/benchmarks/ex201,0,3,0,147,60,1.0408163265306123,1.0,1.0,1.0185185185185186,1.1355932203389831,0.001111793
dmcfa,analysis/benchmarks/benchmarks/ex21,0,3,0,178,71,1.0449438202247192,1.0,1.0,1.0153846153846153,1.1142857142857143,0.00151692
dmcfa,analysis/benchmarks/benchmarks/ex22,0,3,0,356,139,1.050561797752809,1.0,1.0,1.017094017094017,1.161904761904762,0.003865751
dmcfa,analysis/benchmarks/benchmarks/ex23,0,3,0,271,110,1.044280442804428,1.0,1.0,1.0229885057471264,1.2,0.002678917
dmcfa,analysis/benchmarks/benchmarks/ex3,0,3,1,203,81,1.0443349753694582,1.0,1.0,1.0,1.0,0.001983179
dmcfa,analysis/benchmarks/benchmarks/ex30,0,3,1,168,68,1.0416666666666667,1.0,1.0,1.0,1.0,0.001605935
dmcfa,analysis/benchmarks/benchmarks/ex31,0,3,1,264,104,1.0492424242424243,1.0,1.0,1.0,1.0,0.002609197
dmcfa,analysis/benchmarks/benchmarks/ex32,0,3,1,264,104,1.0492424242424243,1.0,1.0,1.0,1.0,0.00275573
dmcfa,analysis/benchmarks/benchmarks/ex33,0,3,1,253,101,1.0474308300395256,1.0,1.0,1.0,1.0,0.002621509
dmcfa,analysis/benchmarks/benchmarks/ex34,0,3,1,253,101,1.0474308300395256,1.0,1.0,1.0,1.0,0.002415064
dmcfa,analysis/benchmarks/benchmarks/ex4,0,3,1,203,81,1.0443349753694582,1.0,1.0,1.0,1.0,0.002376061
dmcfa,analysis/benchmarks/benchmarks/ex41,0,3,1,264,104,1.0492424242424243,1.0,1.0,1.0,1.0,0.002976552
dmcfa,analysis/benchmarks/benchmarks/ex42,0,3,1,264,104,1.0492424242424243,1.0,1.0,1.0,1.0,0.002940544
dmcfa,analysis/benchmarks/benchmarks/ex43,0,3,1,253,101,1.0474308300395256,1.0,1.0,1.0,1.0,0.002672825
dmcfa,analysis/benchmarks/benchmarks/ex44,0,3,1,253,101,1.0474308300395256,1.0,1.0,1.0,1.0,0.002949461
dmcfa,analysis/benchmarks/benchmarks/ex5,0,3,1,383,152,1.0496083550913837,1.0,1.0,1.0,1.0,0.004873721
dmcfa,analysis/benchmarks/benchmarks/ex51,0,3,1,383,152,1.0496083550913837,1.0,1.0,1.0,1.0,0.004992652
dmcfa,analysis/benchmarks/benchmarks/ex52,0,3,1,416,165,1.0504807692307692,1.0,1.0,1.0,1.0,0.005631022
dmcfa,analysis/benchmarks/benchmarks/get-set,0,3,0,543,209,1.0828729281767955,1.0669856459330143,1.2857142857142858,1.0186915887850467,1.1379310344827587,0.012550027
dmcfa,analysis/benchmarks/benchmarks/sum1,0,3,1,169,67,1.047337278106509,1.0,1.0,1.0,1.0,0.002194553
dmcfa,analysis/benchmarks/benchmarks/sum1b,0,3,1,169,67,1.047337278106509,1.0,1.0,1.0,1.0,0.002136935
dmcfa,analysis/benchmarks/benchmarks/sum1c,0,3,1,172,68,1.0465116279069768,1.0,1.0,1.0,1.0,0.002170718
dmcfa,analysis/benchmarks/benchmarks/sum1d,0,3,1,172,68,1.0465116279069768,1.0,1.0,1.0,1.0,0.002152525
dmcfa,analysis/benchmarks/benchmarks/sum1x,0,3,1,169,67,1.047337278106509,1.0,1.0,1.0,1.0,0.002131465
dmcfa,analysis/benchmarks/benchmarks/sum2,0,3,1,250,98,1.052,1.0,1.0,1.0,1.0,0.003709879
dmcfa,analysis/benchmarks/benchmarks/sum2b,0,3,1,250,98,1.052,1.0,1.0,1.0,1.0,0.003733824
dmcfa,analysis/benchmarks/benchmarks/sum2c,0,3,1,256,100,1.05078125,1.0,1.0,1.0,1.0,0.003779309
dmcfa,analysis/benchmarks/benchmarks/sum2d,0,3,1,256,100,1.05078125,1.0,1.0,1.0,1.0,0.003755023
dmcfa,analysis/benchmarks/benchmarks/ex1,0,4,1,92,36,1.0434782608695652,1.0,1.0,1.0,1.0,0.000631157
dmcfa,analysis/benchmarks/benchmarks/ex10,0,4,1,115,46,1.0434782608695652,1.0,1.0,1.0,1.0,0.001078992
dmcfa,analysis/benchmarks/benchmarks/ex11,0,4,1,130,52,1.0461538461538462,1.0,1.0,1.0,1.0,0.000924465
dmcfa,analysis/benchmarks/benchmarks/ex12,0,4,1,130,52,1.0461538461538462,1.0,1.0,1.0,1.0,0.001129006
dmcfa,analysis/benchmarks/benchmarks/ex13,0,4,1,145,58,1.0482758620689656,1.0,1.0,1.0,1.0,0.001075036
dmcfa,analysis/benchmarks/benchmarks/ex2,0,4,1,152,60,1.0460526315789473,1.0,1.0,1.0,1.0,0.001286509
dmcfa,analysis/benchmarks/benchmarks/ex201,0,4,0,147,60,1.0408163265306123,1.0,1.0,1.0185185185185186,1.1355932203389831,0.001226668
dmcfa,analysis/benchmarks/benchmarks/ex21,0,4,0,178,71,1.0449438202247192,1.0,1.0,1.0153846153846153,1.1142857142857143,0.001649106
dmcfa,analysis/benchmarks/benchmarks/ex22,0,4,0,356,139,1.050561797752809,1.0,1.0,1.017094017094017,1.161904761904762,0.003779258
dmcfa,analysis/benchmarks/benchmarks/ex23,0,4,0,271,110,1.044280442804428,1.0,1.0,1.0229885057471264,1.2,0.002657537
dmcfa,analysis/benchmarks/benchmarks/ex3,0,4,1,203,81,1.0443349753694582,1.0,1.0,1.0,1.0,0.002126727
dmcfa,analysis/benchmarks/benchmarks/ex30,0,4,1,168,68,1.0416666666666667,1.0,1.0,1.0,1.0,0.001569728
dmcfa,analysis/benchmarks/benchmarks/ex31,0,4,1,264,104,1.0492424242424243,1.0,1.0,1.0,1.0,0.002848363
dmcfa,analysis/benchmarks/benchmarks/ex32,0,4,1,264,104,1.0492424242424243,1.0,1.0,1.0,1.0,0.002635195
dmcfa,analysis/benchmarks/benchmarks/ex33,0,4,1,253,101,1.0474308300395256,1.0,1.0,1.0,1.0,0.00253024
dmcfa,analysis/benchmarks/benchmarks/ex34,0,4,1,253,101,1.0474308300395256,1.0,1.0,1.0,1.0,0.002355543
dmcfa,analysis/benchmarks/benchmarks/ex4,0,4,1,203,81,1.0443349753694582,1.0,1.0,1.0,1.0,0.002270175
dmcfa,analysis/benchmarks/benchmarks/ex41,0,4,1,264,104,1.0492424242424243,1.0,1.0,1.0,1.0,0.002874462
dmcfa,analysis/benchmarks/benchmarks/ex42,0,4,1,264,104,1.0492424242424243,1.0,1.0,1.0,1.0,0.003128485
dmcfa,analysis/benchmarks/benchmarks/ex43,0,4,1,253,101,1.0474308300395256,1.0,1.0,1.0,1.0,0.002824468
dmcfa,analysis/benchmarks/benchmarks/ex44,0,4,1,253,101,1.0474308300395256,1.0,1.0,1.0,1.0,0.002840498
dmcfa,analysis/benchmarks/benchmarks/ex5,0,4,1,383,152,1.0496083550913837,1.0,1.0,1.0,1.0,0.005001949
dmcfa,analysis/benchmarks/benchmarks/ex51,0,4,1,383,152,1.0496083550913837,1.0,1.0,1.0,1.0,0.004773824
dmcfa,analysis/benchmarks/benchmarks/ex52,0,4,1,416,165,1.0504807692307692,1.0,1.0,1.0,1.0,0.005841505
dmcfa,analysis/benchmarks/benchmarks/get-set,0,4,0,633,248,1.0837282780410742,1.064516129032258,1.2857142857142858,1.0271317829457365,1.1495726495726495,0.016120617
dmcfa,analysis/benchmarks/benchmarks/sum1,0,4,1,169,67,1.047337278106509,1.0,1.0,1.0,1.0,0.002229538
dmcfa,analysis/benchmarks/benchmarks/sum1b,0,4,1,169,67,1.047337278106509,1.0,1.0,1.0,1.0,0.00213929
dmcfa,analysis/benchmarks/benchmarks/sum1c,0,4,1,172,68,1.0465116279069768,1.0,1.0,1.0,1.0,0.002204341
dmcfa,analysis/benchmarks/benchmarks/sum1d,0,4,1,172,68,1.0465116279069768,1.0,1.0,1.0,1.0,0.002196006
dmcfa,analysis/benchmarks/benchmarks/sum1x,0,4,1,169,67,1.047337278106509,1.0,1.0,1.0,1.0,0.00216606
dmcfa,analysis/benchmarks/benchmarks/sum2,0,4,1,250,98,1.052,1.0,1.0,1.0,1.0,0.003817399
dmcfa,analysis/benchmarks/benchmarks/sum2b,0,4,1,250,98,1.052,1.0,1.0,1.0,1.0,0.003775592
dmcfa,analysis/benchmarks/benchmarks/sum2c,0,4,1,256,100,1.05078125,1.0,1.0,1.0,1.0,0.003806019
dmcfa,analysis/benchmarks/benchmarks/sum2d,0,4,1,256,100,1.05078125,1.0,1.0,1.0,1.0,0.003791271
dmcfa,analysis/benchmarks/benchmarks/ex1,0,5,1,92,36,1.0434782608695652,1.0,1.0,1.0,1.0,0.000641506
dmcfa,analysis/benchmarks/benchmarks/ex10,0,5,1,115,46,1.0434782608695652,1.0,1.0,1.0,1.0,0.001091696
dmcfa,analysis/benchmarks/benchmarks/ex11,0,5,1,130,52,1.0461538461538462,1.0,1.0,1.0,1.0,0.000916449
dmcfa,analysis/benchmarks/benchmarks/ex12,0,5,1,130,52,1.0461538461538462,1.0,1.0,1.0,1.0,0.001127052
dmcfa,analysis/benchmarks/benchmarks/ex13,0,5,1,145,58,1.0482758620689656,1.0,1.0,1.0,1.0,0.001070557
dmcfa,analysis/benchmarks/benchmarks/ex2,0,5,1,152,60,1.0460526315789473,1.0,1.0,1.0,1.0,0.001286228
dmcfa,analysis/benchmarks/benchmarks/ex201,0,5,0,147,60,1.0408163265306123,1.0,1.0,1.0185185185185186,1.1355932203389831,0.001240544
dmcfa,analysis/benchmarks/benchmarks/ex21,0,5,0,178,71,1.0449438202247192,1.0,1.0,1.0153846153846153,1.1142857142857143,0.001654696
dmcfa,analysis/benchmarks/benchmarks/ex22,0,5,0,356,139,1.050561797752809,1.0,1.0,1.017094017094017,1.161904761904762,0.003757488
dmcfa,analysis/benchmarks/benchmarks/ex23,0,5,0,271,110,1.044280442804428,1.0,1.0,1.0229885057471264,1.2,0.002662886
dmcfa,analysis/benchmarks/benchmarks/ex3,0,5,1,203,81,1.0443349753694582,1.0,1.0,1.0,1.0,0.002106088
dmcfa,analysis/benchmarks/benchmarks/ex30,0,5,1,168,68,1.0416666666666667,1.0,1.0,1.0,1.0,0.001636051
dmcfa,analysis/benchmarks/benchmarks/ex31,0,5,1,264,104,1.0492424242424243,1.0,1.0,1.0,1.0,0.002883338
dmcfa,analysis/benchmarks/benchmarks/ex32,0,5,1,264,104,1.0492424242424243,1.0,1.0,1.0,1.0,0.002667184
dmcfa,analysis/benchmarks/benchmarks/ex33,0,5,1,253,101,1.0474308300395256,1.0,1.0,1.0,1.0,0.002563471
dmcfa,analysis/benchmarks/benchmarks/ex34,0,5,1,253,101,1.0474308300395256,1.0,1.0,1.0,1.0,0.002660462
dmcfa,analysis/benchmarks/benchmarks/ex4,0,5,1,203,81,1.0443349753694582,1.0,1.0,1.0,1.0,0.002326819
dmcfa,analysis/benchmarks/benchmarks/ex41,0,5,1,264,104,1.0492424242424243,1.0,1.0,1.0,1.0,0.003187355
dmcfa,analysis/benchmarks/benchmarks/ex42,0,5,1,264,104,1.0492424242424243,1.0,1.0,1.0,1.0,0.003137592
dmcfa,analysis/benchmarks/benchmarks/ex43,0,5,1,253,101,1.0474308300395256,1.0,1.0,1.0,1.0,0.002851859
dmcfa,analysis/benchmarks/benchmarks/ex44,0,5,1,253,101,1.0474308300395256,1.0,1.0,1.0,1.0,0.002866556
dmcfa,analysis/benchmarks/benchmarks/ex5,0,5,1,383,152,1.0496083550913837,1.0,1.0,1.0,1.0,0.005196522
dmcfa,analysis/benchmarks/benchmarks/ex51,0,5,1,383,152,1.0496083550913837,1.0,1.0,1.0,1.0,0.004927421
dmcfa,analysis/benchmarks/benchmarks/ex52,0,5,1,416,165,1.0504807692307692,1.0,1.0,1.0,1.0,0.006100097
dmcfa,analysis/benchmarks/benchmarks/get-set,0,5,0,776,305,1.0992268041237114,1.1049180327868853,1.375,1.0238095238095237,1.1730769230769231,0.025595719
dmcfa,analysis/benchmarks/benchmarks/sum1,0,5,1,169,67,1.047337278106509,1.0,1.0,1.0,1.0,0.002250768
dmcfa,analysis/benchmarks/benchmarks/sum1b,0,5,1,169,67,1.047337278106509,1.0,1.0,1.0,1.0,0.00216038
dmcfa,analysis/benchmarks/benchmarks/sum1c,0,5,1,172,68,1.0465116279069768,1.0,1.0,1.0,1.0,0.002159208
dmcfa,analysis/benchmarks/benchmarks/sum1d,0,5,1,172,68,1.0465116279069768,1.0,1.0,1.0,1.0,0.002161752
dmcfa,analysis/benchmarks/benchmarks/sum1x,0,5,1,169,67,1.047337278106509,1.0,1.0,1.0,1.0,0.002169627
dmcfa,analysis/benchmarks/benchmarks/sum2,0,5,1,250,98,1.052,1.0,1.0,1.0,1.0,0.00371041
dmcfa,analysis/benchmarks/benchmarks/sum2b,0,5,1,250,98,1.052,1.0,1.0,1.0,1.0,0.003673952
dmcfa,analysis/benchmarks/benchmarks/sum2c,0,5,1,256,100,1.05078125,1.0,1.0,1.0,1.0,0.003753742
dmcfa,analysis/benchmarks/benchmarks/sum2d,0,5,1,256,100,1.05078125,1.0,1.0,1.0,1.0,0.003765183
dmcfa,analysis/benchmarks/benchmarks/ex1,0,6,1,92,36,1.0434782608695652,1.0,1.0,1.0,1.0,0.000669018
dmcfa,analysis/benchmarks/benchmarks/ex10,0,6,1,115,46,1.0434782608695652,1.0,1.0,1.0,1.0,0.000838443
dmcfa,analysis/benchmarks/benchmarks/ex11,0,6,1,130,52,1.0461538461538462,1.0,1.0,1.0,1.0,0.001135928
dmcfa,analysis/benchmarks/benchmarks/ex12,0,6,1,130,52,1.0461538461538462,1.0,1.0,1.0,1.0,0.001189569
dmcfa,analysis/benchmarks/benchmarks/ex13,0,6,1,145,58,1.0482758620689656,1.0,1.0,1.0,1.0,0.001091726
dmcfa,analysis/benchmarks/benchmarks/ex2,0,6,1,152,60,1.0460526315789473,1.0,1.0,1.0,1.0,0.001376357
dmcfa,analysis/benchmarks/benchmarks/ex201,0,6,0,147,60,1.0408163265306123,1.0,1.0,1.0185185185185186,1.1355932203389831,0.001129747
dmcfa,analysis/benchmarks/benchmarks/ex21,0,6,0,178,71,1.0449438202247192,1.0,1.0,1.0153846153846153,1.1142857142857143,0.001480992
dmcfa,analysis/benchmarks/benchmarks/ex22,0,6,0,356,139,1.050561797752809,1.0,1.0,1.017094017094017,1.161904761904762,0.003954135
dmcfa,analysis/benchmarks/benchmarks/ex23,0,6,0,271,110,1.044280442804428,1.0,1.0,1.0229885057471264,1.2,0.002712249
dmcfa,analysis/benchmarks/benchmarks/ex3,0,6,1,203,81,1.0443349753694582,1.0,1.0,1.0,1.0,0.002207648
dmcfa,analysis/benchmarks/benchmarks/ex30,0,6,1,168,68,1.0416666666666667,1.0,1.0,1.0,1.0,0.001584796
dmcfa,analysis/benchmarks/benchmarks/ex31,0,6,1,264,104,1.0492424242424243,1.0,1.0,1.0,1.0,0.002612413
dmcfa,analysis/benchmarks/benchmarks/ex32,0,6,1,264,104,1.0492424242424243,1.0,1.0,1.0,1.0,0.002751562
dmcfa,analysis/benchmarks/benchmarks/ex33,0,6,1,253,101,1.0474308300395256,1.0,1.0,1.0,1.0,0.002591774
dmcfa,analysis/benchmarks/benchmarks/ex34,0,6,1,253,101,1.0474308300395256,1.0,1.0,1.0,1.0,0.002383386
dmcfa,analysis/benchmarks/benchmarks/ex4,0,6,1,203,81,1.0443349753694582,1.0,1.0,1.0,1.0,0.002467161
dmcfa,analysis/benchmarks/benchmarks/ex41,0,6,1,264,104,1.0492424242424243,1.0,1.0,1.0,1.0,0.003394571
dmcfa,analysis/benchmarks/benchmarks/ex42,0,6,1,264,104,1.0492424242424243,1.0,1.0,1.0,1.0,0.00309372
dmcfa,analysis/benchmarks/benchmarks/ex43,0,6,1,253,101,1.0474308300395256,1.0,1.0,1.0,1.0,0.002941476
dmcfa,analysis/benchmarks/benchmarks/ex44,0,6,1,253,101,1.0474308300395256,1.0,1.0,1.0,1.0,0.002836289
dmcfa,analysis/benchmarks/benchmarks/ex5,0,6,1,383,152,1.0496083550913837,1.0,1.0,1.0,1.0,0.004922051
dmcfa,analysis/benchmarks/benchmarks/ex51,0,6,1,383,152,1.0496083550913837,1.0,1.0,1.0,1.0,0.004935155
dmcfa,analysis/benchmarks/benchmarks/ex52,0,6,1,416,165,1.0504807692307692,1.0,1.0,1.0,1.0,0.005918479
dmcfa,analysis/benchmarks/benchmarks/get-set,0,6,0,865,340,1.1040462427745665,1.1147058823529412,1.375,1.0212121212121212,1.1894736842105262,0.027837962
dmcfa,analysis/benchmarks/benchmarks/sum1,0,6,1,169,67,1.047337278106509,1.0,1.0,1.0,1.0,0.002223236
dmcfa,analysis/benchmarks/benchmarks/sum1b,0,6,1,169,67,1.047337278106509,1.0,1.0,1.0,1.0,0.002136715
dmcfa,analysis/benchmarks/benchmarks/sum1c,0,6,1,172,68,1.0465116279069768,1.0,1.0,1.0,1.0,0.002068789
dmcfa,analysis/benchmarks/benchmarks/sum1d,0,6,1,172,68,1.0465116279069768,1.0,1.0,1.0,1.0,0.002057437
dmcfa,analysis/benchmarks/benchmarks/sum1x,0,6,1,169,67,1.047337278106509,1.0,1.0,1.0,1.0,0.002072355
dmcfa,analysis/benchmarks/benchmarks/sum2,0,6,1,250,98,1.052,1.0,1.0,1.0,1.0,0.003641972
dmcfa,analysis/benchmarks/benchmarks/sum2b,0,6,1,250,98,1.052,1.0,1.0,1.0,1.0,0.003624891
dmcfa,analysis/benchmarks/benchmarks/sum2c,0,6,1,256,100,1.05078125,1.0,1.0,1.0,1.0,0.003664765
dmcfa,analysis/benchmarks/benchmarks/sum2d,0,6,1,256,100,1.05078125,1.0,1.0,1.0,1.0,0.003637083
dmcfa,analysis/benchmarks/benchmarks/ex1,1,1,1,92,36,1.0434782608695652,1.0,1.0,1.0,1.0,0.000731434
dmcfa,analysis/benchmarks/benchmarks/ex10,1,1,1,115,46,1.0434782608695652,1.0,1.0,1.0,1.0,0.000873339
dmcfa,analysis/benchmarks/benchmarks/ex11,1,1,1,130,52,1.0461538461538462,1.0,1.0,1.0,1.0,0.000998082
dmcfa,analysis/benchmarks/benchmarks/ex12,1,1,1,130,52,1.0461538461538462,1.0,1.0,1.0,1.0,0.00097021
dmcfa,analysis/benchmarks/benchmarks/ex13,1,1,1,145,58,1.0482758620689656,1.0,1.0,1.0,1.0,0.001256644
dmcfa,analysis/benchmarks/benchmarks/ex2,1,1,1,152,60,1.0460526315789473,1.0,1.0,1.0,1.0,0.001226848
dmcfa,analysis/benchmarks/benchmarks/ex201,1,1,1,147,60,1.0408163265306123,1.0,1.0,1.0,1.0,0.001247287
dmcfa,analysis/benchmarks/benchmarks/ex21,1,1,1,178,71,1.0449438202247192,1.0,1.0,1.0,1.0,0.001614811
dmcfa,analysis/benchmarks/benchmarks/ex22,1,1,0,308,117,1.1103896103896105,1.1367521367521367,2.0,1.3666666666666667,1.1333333333333333,0.004775407
dmcfa,analysis/benchmarks/benchmarks/ex23,1,1,0,243,96,1.0987654320987654,1.125,2.0,1.4210526315789473,1.1136363636363635,0.003737431
dmcfa,analysis/benchmarks/benchmarks/ex3,1,1,1,203,81,1.0443349753694582,1.0,1.0,1.0,1.0,0.002282327
dmcfa,analysis/benchmarks/benchmarks/ex30,1,1,1,168,68,1.0416666666666667,1.0,1.0,1.0,1.0,0.001709359
dmcfa,analysis/benchmarks/benchmarks/ex31,1,1,1,264,104,1.0492424242424243,1.0,1.0,1.0,1.0,0.003186313
dmcfa,analysis/benchmarks/benchmarks/ex32,1,1,1,264,104,1.0492424242424243,1.0,1.0,1.0,1.0,0.003200159
dmcfa,analysis/benchmarks/benchmarks/ex33,1,1,1,253,101,1.0474308300395256,1.0,1.0,1.0,1.0,0.002921449
dmcfa,analysis/benchmarks/benchmarks/ex34,1,1,1,253,101,1.0474308300395256,1.0,1.0,1.0,1.0,0.003039088
dmcfa,analysis/benchmarks/benchmarks/ex4,1,1,1,203,81,1.0443349753694582,1.0,1.0,1.0,1.0,0.002657847
dmcfa,analysis/benchmarks/benchmarks/ex41,1,1,1,264,104,1.0492424242424243,1.0,1.0,1.0,1.0,0.003431751
dmcfa,analysis/benchmarks/benchmarks/ex42,1,1,1,264,104,1.0492424242424243,1.0,1.0,1.0,1.0,0.003394291
dmcfa,analysis/benchmarks/benchmarks/ex43,1,1,1,253,101,1.0474308300395256,1.0,1.0,1.0,1.0,0.003242178
dmcfa,analysis/benchmarks/benchmarks/ex44,1,1,1,253,101,1.0474308300395256,1.0,1.0,1.0,1.0,0.00322803
dmcfa,analysis/benchmarks/benchmarks/ex5,1,1,1,383,152,1.0496083550913837,1.0,1.0,1.0,1.0,0.005730398
dmcfa,analysis/benchmarks/benchmarks/ex51,1,1,1,383,152,1.0496083550913837,1.0,1.0,1.0,1.0,0.005747129
dmcfa,analysis/benchmarks/benchmarks/ex52,1,1,0,407,161,1.054054054054054,1.0062111801242235,1.0,1.0061349693251533,1.0595238095238095,0.006279702
dmcfa,analysis/benchmarks/benchmarks/get-set,1,1,0,476,189,1.0609243697478992,1.0317460317460319,1.375,1.0232558139534884,1.089385474860335,0.010645806
dmcfa,analysis/benchmarks/benchmarks/sum1,1,1,1,169,67,1.047337278106509,1.0,1.0,1.0,1.0,0.002305469
dmcfa,analysis/benchmarks/benchmarks/sum1b,1,1,1,169,67,1.047337278106509,1.0,1.0,1.0,1.0,0.002288098
dmcfa,analysis/benchmarks/benchmarks/sum1c,1,1,1,172,68,1.0465116279069768,1.0,1.0,1.0,1.0,0.002378707
dmcfa,analysis/benchmarks/benchmarks/sum1d,1,1,1,172,68,1.0465116279069768,1.0,1.0,1.0,1.0,0.002363458
dmcfa,analysis/benchmarks/benchmarks/sum1x,1,1,1,169,67,1.047337278106509,1.0,1.0,1.0,1.0,0.002310429
dmcfa,analysis/benchmarks/benchmarks/sum2,1,1,0,225,87,1.0755555555555556,1.0459770114942528,1.3333333333333333,1.0786516853932584,1.1325301204819278,0.003868344
dmcfa,analysis/benchmarks/benchmarks/sum2b,1,1,0,225,87,1.08,1.0574712643678161,1.3333333333333333,1.1123595505617978,1.1325301204819278,0.003729486
dmcfa,analysis/benchmarks/benchmarks/sum2c,1,1,0,245,93,1.0938775510204082,1.086021505376344,1.3333333333333333,1.1030927835051547,1.1704545454545454,0.004388315
dmcfa,analysis/benchmarks/benchmarks/sum2d,1,1,0,245,93,1.0979591836734695,1.096774193548387,1.3333333333333333,1.134020618556701,1.1704545454545454,0.004344694
dmcfa,analysis/benchmarks/benchmarks/ex1,1,2,1,92,36,1.0434782608695652,1.0,1.0,1.0,1.0,0.001100854
dmcfa,analysis/benchmarks/benchmarks/ex10,1,2,1,115,46,1.0434782608695652,1.0,1.0,1.0,1.0,0.001015965
dmcfa,analysis/benchmarks/benchmarks/ex11,1,2,1,130,52,1.0461538461538462,1.0,1.0,1.0,1.0,0.001361369
dmcfa,analysis/benchmarks/benchmarks/ex12,1,2,1,130,52,1.0461538461538462,1.0,1.0,1.0,1.0,0.001129797
dmcfa,analysis/benchmarks/benchmarks/ex13,1,2,1,145,58,1.0482758620689656,1.0,1.0,1.0,1.0,0.001386496
dmcfa,analysis/benchmarks/benchmarks/ex2,1,2,1,152,60,1.0460526315789473,1.0,1.0,1.0,1.0,0.001586619
dmcfa,analysis/benchmarks/benchmarks/ex201,1,2,1,147,60,1.0408163265306123,1.0,1.0,1.0,1.0,0.001380044
dmcfa,analysis/benchmarks/benchmarks/ex21,1,2,1,178,71,1.0449438202247192,1.0,1.0,1.0,1.0,0.001823291
dmcfa,analysis/benchmarks/benchmarks/ex22,1,2,1,356,139,1.050561797752809,1.0,1.0,1.0,1.0,0.004491447
dmcfa,analysis/benchmarks/benchmarks/ex23,1,2,1,271,110,1.044280442804428,1.0,1.0,1.0,1.0,0.003314322
dmcfa,analysis/benchmarks/benchmarks/ex3,1,2,1,203,81,1.0443349753694582,1.0,1.0,1.0,1.0,0.002641957
dmcfa,analysis/benchmarks/benchmarks/ex30,1,2,1,168,68,1.0416666666666667,1.0,1.0,1.0,1.0,0.001966237
dmcfa,analysis/benchmarks/benchmarks/ex31,1,2,1,264,104,1.0492424242424243,1.0,1.0,1.0,1.0,0.003711092
dmcfa,analysis/benchmarks/benchmarks/ex32,1,2,1,264,104,1.0492424242424243,1.0,1.0,1.0,1.0,0.003773007
dmcfa,analysis/benchmarks/benchmarks/ex33,1,2,1,253,101,1.0474308300395256,1.0,1.0,1.0,1.0,0.003371809
dmcfa,analysis/benchmarks/benchmarks/ex34,1,2,1,253,101,1.0474308300395256,1.0,1.0,1.0,1.0,0.003469902
dmcfa,analysis/benchmarks/benchmarks/ex4,1,2,1,203,81,1.0443349753694582,1.0,1.0,1.0,1.0,0.003031915
dmcfa,analysis/benchmarks/benchmarks/ex41,1,2,1,264,104,1.0492424242424243,1.0,1.0,1.0,1.0,0.004008947
dmcfa,analysis/benchmarks/benchmarks/ex42,1,2,1,264,104,1.0492424242424243,1.0,1.0,1.0,1.0,0.003949416
dmcfa,analysis/benchmarks/benchmarks/ex43,1,2,1,253,101,1.0474308300395256,1.0,1.0,1.0,1.0,0.003696735
dmcfa,analysis/benchmarks/benchmarks/ex44,1,2,1,253,101,1.0474308300395256,1.0,1.0,1.0,1.0,0.003677499
dmcfa,analysis/benchmarks/benchmarks/ex5,1,2,1,383,152,1.0496083550913837,1.0,1.0,1.0,1.0,0.006583038
dmcfa,analysis/benchmarks/benchmarks/ex51,1,2,1,383,152,1.0496083550913837,1.0,1.0,1.0,1.0,0.006621119
dmcfa,analysis/benchmarks/benchmarks/ex52,1,2,1,416,165,1.0504807692307692,1.0,1.0,1.0,1.0,0.007260492
dmcfa,analysis/benchmarks/benchmarks/get-set,1,2,0,509,200,1.074656188605108,1.055,1.375,1.0376344086021505,1.0972972972972972,0.013905906
dmcfa,analysis/benchmarks/benchmarks/sum1,1,2,1,169,67,1.047337278106509,1.0,1.0,1.0,1.0,0.002634834
dmcfa,analysis/benchmarks/benchmarks/sum1b,1,2,1,169,67,1.047337278106509,1.0,1.0,1.0,1.0,0.00260589
dmcfa,analysis/benchmarks/benchmarks/sum1c,1,2,1,172,68,1.0465116279069768,1.0,1.0,1.0,1.0,0.002705626
dmcfa,analysis/benchmarks/benchmarks/sum1d,1,2,1,172,68,1.0465116279069768,1.0,1.0,1.0,1.0,0.002689365
dmcfa,analysis/benchmarks/benchmarks/sum1x,1,2,1,169,67,1.047337278106509,1.0,1.0,1.0,1.0,0.002586034
dmcfa,analysis/benchmarks/benchmarks/sum2,1,2,1,250,98,1.052,1.0,1.0,1.0,1.0,0.004375761
dmcfa,analysis/benchmarks/benchmarks/sum2b,1,2,1,250,98,1.052,1.0,1.0,1.0,1.0,0.004387322
dmcfa,analysis/benchmarks/benchmarks/sum2c,1,2,1,256,100,1.05078125,1.0,1.0,1.0,1.0,0.004602584
dmcfa,analysis/benchmarks/benchmarks/sum2d,1,2,1,256,100,1.05078125,1.0,1.0,1.0,1.0,0.004397241
dmcfa,analysis/benchmarks/benchmarks/ex1,1,3,1,92,36,1.0434782608695652,1.0,1.0,1.0,1.0,0.00082581
dmcfa,analysis/benchmarks/benchmarks/ex10,1,3,1,115,46,1.0434782608695652,1.0,1.0,1.0,1.0,0.001016426
dmcfa,analysis/benchmarks/benchmarks/ex11,1,3,1,130,52,1.0461538461538462,1.0,1.0,1.0,1.0,0.001386055
dmcfa,analysis/benchmarks/benchmarks/ex12,1,3,1,130,52,1.0461538461538462,1.0,1.0,1.0,1.0,0.001159483
dmcfa,analysis/benchmarks/benchmarks/ex13,1,3,1,145,58,1.0482758620689656,1.0,1.0,1.0,1.0,0.001414589
dmcfa,analysis/benchmarks/benchmarks/ex2,1,3,1,152,60,1.0460526315789473,1.0,1.0,1.0,1.0,0.001581209
dmcfa,analysis/benchmarks/benchmarks/ex201,1,3,1,147,60,1.0408163265306123,1.0,1.0,1.0,1.0,0.001447479
dmcfa,analysis/benchmarks/benchmarks/ex21,1,3,1,178,71,1.0449438202247192,1.0,1.0,1.0,1.0,0.001865349
dmcfa,analysis/benchmarks/benchmarks/ex22,1,3,1,356,139,1.050561797752809,1.0,1.0,1.0,1.0,0.00486272
dmcfa,analysis/benchmarks/benchmarks/ex23,1,3,1,271,110,1.044280442804428,1.0,1.0,1.0,1.0,0.003569958
dmcfa,analysis/benchmarks/benchmarks/ex3,1,3,1,203,81,1.0443349753694582,1.0,1.0,1.0,1.0,0.002720464
dmcfa,analysis/benchmarks/benchmarks/ex30,1,3,1,168,68,1.0416666666666667,1.0,1.0,1.0,1.0,0.001980133
dmcfa,analysis/benchmarks/benchmarks/ex31,1,3,1,264,104,1.0492424242424243,1.0,1.0,1.0,1.0,0.003777596
dmcfa,analysis/benchmarks/benchmarks/ex32,1,3,1,264,104,1.0492424242424243,1.0,1.0,1.0,1.0,0.003884074
dmcfa,analysis/benchmarks/benchmarks/ex33,1,3,1,253,101,1.0474308300395256,1.0,1.0,1.0,1.0,0.003476484
dmcfa,analysis/benchmarks/benchmarks/ex34,1,3,1,253,101,1.0474308300395256,1.0,1.0,1.0,1.0,0.003488266
dmcfa,analysis/benchmarks/benchmarks/ex4,1,3,1,203,81,1.0443349753694582,1.0,1.0,1.0,1.0,0.003112225
dmcfa,analysis/benchmarks/benchmarks/ex41,1,3,1,264,104,1.0492424242424243,1.0,1.0,1.0,1.0,0.004090309
dmcfa,analysis/benchmarks/benchmarks/ex42,1,3,1,264,104,1.0492424242424243,1.0,1.0,1.0,1.0,0.004585663
dmcfa,analysis/benchmarks/benchmarks/ex43,1,3,1,253,101,1.0474308300395256,1.0,1.0,1.0,1.0,0.004238696
dmcfa,analysis/benchmarks/benchmarks/ex44,1,3,1,253,101,1.0474308300395256,1.0,1.0,1.0,1.0,0.003708246
dmcfa,analysis/benchmarks/benchmarks/ex5,1,3,1,383,152,1.0496083550913837,1.0,1.0,1.0,1.0,0.00676613
dmcfa,analysis/benchmarks/benchmarks/ex51,1,3,1,383,152,1.0496083550913837,1.0,1.0,1.0,1.0,0.006930326
dmcfa,analysis/benchmarks/benchmarks/ex52,1,3,1,416,165,1.0504807692307692,1.0,1.0,1.0,1.0,0.007740618
dmcfa,analysis/benchmarks/benchmarks/get-set,1,3,0,598,235,1.085284280936455,1.0765957446808512,1.375,1.0315315315315314,1.1285714285714286,0.01905531
dmcfa,analysis/benchmarks/benchmarks/sum1,1,3,1,169,67,1.047337278106509,1.0,1.0,1.0,1.0,0.002783031
dmcfa,analysis/benchmarks/benchmarks/sum1b,1,3,1,169,67,1.047337278106509,1.0,1.0,1.0,1.0,0.002749298
dmcfa,analysis/benchmarks/benchmarks/sum1c,1,3,1,172,68,1.0465116279069768,1.0,1.0,1.0,1.0,0.002765388
dmcfa,analysis/benchmarks/benchmarks/sum1d,1,3,1,172,68,1.0465116279069768,1.0,1.0,1.0,1.0,0.002806705
dmcfa,analysis/benchmarks/benchmarks/sum1x,1,3,1,169,67,1.047337278106509,1.0,1.0,1.0,1.0,0.002819649
dmcfa,analysis/benchmarks/benchmarks/sum2,1,3,1,250,98,1.052,1.0,1.0,1.0,1.0,0.004661615
dmcfa,analysis/benchmarks/benchmarks/sum2b,1,3,1,250,98,1.052,1.0,1.0,1.0,1.0,0.004703402
dmcfa,analysis/benchmarks/benchmarks/sum2c,1,3,1,256,100,1.05078125,1.0,1.0,1.0,1.0,0.004815953
dmcfa,analysis/benchmarks/benchmarks/sum2d,1,3,1,256,100,1.05078125,1.0,1.0,1.0,1.0,0.004643991
dmcfa,analysis/benchmarks/benchmarks/ex1,1,4,1,92,36,1.0434782608695652,1.0,1.0,1.0,1.0,0.000823275
dmcfa,analysis/benchmarks/benchmarks/ex10,1,4,1,115,46,1.0434782608695652,1.0,1.0,1.0,1.0,0.001012829
dmcfa,analysis/benchmarks/benchmarks/ex11,1,4,1,130,52,1.0461538461538462,1.0,1.0,1.0,1.0,0.001401023
dmcfa,analysis/benchmarks/benchmarks/ex12,1,4,1,130,52,1.0461538461538462,1.0,1.0,1.0,1.0,0.001165253
dmcfa,analysis/benchmarks/benchmarks/ex13,1,4,1,145,58,1.0482758620689656,1.0,1.0,1.0,1.0,0.001420369
dmcfa,analysis/benchmarks/benchmarks/ex2,1,4,1,152,60,1.0460526315789473,1.0,1.0,1.0,1.0,0.001591047
dmcfa,analysis/benchmarks/benchmarks/ex201,1,4,1,147,60,1.0408163265306123,1.0,1.0,1.0,1.0,0.001432221
dmcfa,analysis/benchmarks/benchmarks/ex21,1,4,1,178,71,1.0449438202247192,1.0,1.0,1.0,1.0,0.0018816
dmcfa,analysis/benchmarks/benchmarks/ex22,1,4,1,356,139,1.050561797752809,1.0,1.0,1.0,1.0,0.004983234
dmcfa,analysis/benchmarks/benchmarks/ex23,1,4,1,271,110,1.044280442804428,1.0,1.0,1.0,1.0,0.003694912
dmcfa,analysis/benchmarks/benchmarks/ex3,1,4,1,203,81,1.0443349753694582,1.0,1.0,1.0,1.0,0.002731715
dmcfa,analysis/benchmarks/benchmarks/ex30,1,4,1,168,68,1.0416666666666667,1.0,1.0,1.0,1.0,0.00198404
dmcfa,analysis/benchmarks/benchmarks/ex31,1,4,1,264,104,1.0492424242424243,1.0,1.0,1.0,1.0,0.00376885
dmcfa,analysis/benchmarks/benchmarks/ex32,1,4,1,264,104,1.0492424242424243,1.0,1.0,1.0,1.0,0.003917336
dmcfa,analysis/benchmarks/benchmarks/ex33,1,4,1,253,101,1.0474308300395256,1.0,1.0,1.0,1.0,0.003470763
dmcfa,analysis/benchmarks/benchmarks/ex34,1,4,1,253,101,1.0474308300395256,1.0,1.0,1.0,1.0,0.003518102
dmcfa,analysis/benchmarks/benchmarks/ex4,1,4,1,203,81,1.0443349753694582,1.0,1.0,1.0,1.0,0.003094211
dmcfa,analysis/benchmarks/benchmarks/ex41,1,4,1,264,104,1.0492424242424243,1.0,1.0,1.0,1.0,0.004119193
dmcfa,analysis/benchmarks/benchmarks/ex42,1,4,1,264,104,1.0492424242424243,1.0,1.0,1.0,1.0,0.004089377
dmcfa,analysis/benchmarks/benchmarks/ex43,1,4,1,253,101,1.0474308300395256,1.0,1.0,1.0,1.0,0.003828922
dmcfa,analysis/benchmarks/benchmarks/ex44,1,4,1,253,101,1.0474308300395256,1.0,1.0,1.0,1.0,0.003766174
dmcfa,analysis/benchmarks/benchmarks/ex5,1,4,1,383,152,1.0496083550913837,1.0,1.0,1.0,1.0,0.006795294
dmcfa,analysis/benchmarks/benchmarks/ex51,1,4,1,383,152,1.0496083550913837,1.0,1.0,1.0,1.0,0.006974919
dmcfa,analysis/benchmarks/benchmarks/ex52,1,4,1,416,165,1.0504807692307692,1.0,1.0,1.0,1.0,0.00779574
dmcfa,analysis/benchmarks/benchmarks/get-set,1,4,1,519,204,1.0558766859344895,1.0196078431372548,1.2,1.0260416666666667,1.0,0.015277545
dmcfa,analysis/benchmarks/benchmarks/sum1,1,4,1,169,67,1.047337278106509,1.0,1.0,1.0,1.0,0.002761581
dmcfa,analysis/benchmarks/benchmarks/sum1b,1,4,1,169,67,1.047337278106509,1.0,1.0,1.0,1.0,0.00272355
dmcfa,analysis/benchmarks/benchmarks/sum1c,1,4,1,172,68,1.0465116279069768,1.0,1.0,1.0,1.0,0.002774916
dmcfa,analysis/benchmarks/benchmarks/sum1d,1,4,1,172,68,1.0465116279069768,1.0,1.0,1.0,1.0,0.002786498
dmcfa,analysis/benchmarks/benchmarks/sum1x,1,4,1,169,67,1.047337278106509,1.0,1.0,1.0,1.0,0.002781188
dmcfa,analysis/benchmarks/benchmarks/sum2,1,4,1,250,98,1.052,1.0,1.0,1.0,1.0,0.00469686
dmcfa,analysis/benchmarks/benchmarks/sum2b,1,4,1,250,98,1.052,1.0,1.0,1.0,1.0,0.004690769
dmcfa,analysis/benchmarks/benchmarks/sum2c,1,4,1,256,100,1.05078125,1.0,1.0,1.0,1.0,0.004731204
dmcfa,analysis/benchmarks/benchmarks/sum2d,1,4,1,256,100,1.05078125,1.0,1.0,1.0,1.0,0.004697391
dmcfa,analysis/benchmarks/benchmarks/ex1,1,5,1,92,36,1.0434782608695652,1.0,1.0,1.0,1.0,0.001082328
dmcfa,analysis/benchmarks/benchmarks/ex10,1,5,1,115,46,1.0434782608695652,1.0,1.0,1.0,1.0,0.001024591
dmcfa,analysis/benchmarks/benchmarks/ex11,1,5,1,130,52,1.0461538461538462,1.0,1.0,1.0,1.0,0.001398969
dmcfa,analysis/benchmarks/benchmarks/ex12,1,5,1,130,52,1.0461538461538462,1.0,1.0,1.0,1.0,0.001191062
dmcfa,analysis/benchmarks/benchmarks/ex13,1,5,1,145,58,1.0482758620689656,1.0,1.0,1.0,1.0,0.001447941
dmcfa,analysis/benchmarks/benchmarks/ex2,1,5,1,152,60,1.0460526315789473,1.0,1.0,1.0,1.0,0.001614261
dmcfa,analysis/benchmarks/benchmarks/ex201,1,5,1,147,60,1.0408163265306123,1.0,1.0,1.0,1.0,0.001450315
dmcfa,analysis/benchmarks/benchmarks/ex21,1,5,1,178,71,1.0449438202247192,1.0,1.0,1.0,1.0,0.001883223
dmcfa,analysis/benchmarks/benchmarks/ex22,1,5,1,356,139,1.050561797752809,1.0,1.0,1.0,1.0,0.005077069
dmcfa,analysis/benchmarks/benchmarks/ex23,1,5,1,271,110,1.044280442804428,1.0,1.0,1.0,1.0,0.003737912
dmcfa,analysis/benchmarks/benchmarks/ex3,1,5,1,203,81,1.0443349753694582,1.0,1.0,1.0,1.0,0.002770057
dmcfa,analysis/benchmarks/benchmarks/ex30,1,5,1,168,68,1.0416666666666667,1.0,1.0,1.0,1.0,0.002002354
dmcfa,analysis/benchmarks/benchmarks/ex31,1,5,1,264,104,1.0492424242424243,1.0,1.0,1.0,1.0,0.0038656
dmcfa,analysis/benchmarks/benchmarks/ex32,1,5,1,264,104,1.0492424242424243,1.0,1.0,1.0,1.0,0.003988218
dmcfa,analysis/benchmarks/benchmarks/ex33,1,5,1,253,101,1.0474308300395256,1.0,1.0,1.0,1.0,0.003531256
dmcfa,analysis/benchmarks/benchmarks/ex34,1,5,1,253,101,1.0474308300395256,1.0,1.0,1.0,1.0,0.003611225
dmcfa,analysis/benchmarks/benchmarks/ex4,1,5,1,203,81,1.0443349753694582,1.0,1.0,1.0,1.0,0.003101304
dmcfa,analysis/benchmarks/benchmarks/ex41,1,5,1,264,104,1.0492424242424243,1.0,1.0,1.0,1.0,0.004150682
dmcfa,analysis/benchmarks/benchmarks/ex42,1,5,1,264,104,1.0492424242424243,1.0,1.0,1.0,1.0,0.004120144
dmcfa,analysis/benchmarks/benchmarks/ex43,1,5,1,253,101,1.0474308300395256,1.0,1.0,1.0,1.0,0.003837248
dmcfa,analysis/benchmarks/benchmarks/ex44,1,5,1,253,101,1.0474308300395256,1.0,1.0,1.0,1.0,0.00376868
dmcfa,analysis/benchmarks/benchmarks/ex5,1,5,1,383,152,1.0496083550913837,1.0,1.0,1.0,1.0,0.006824799
dmcfa,analysis/benchmarks/benchmarks/ex51,1,5,1,383,152,1.0496083550913837,1.0,1.0,1.0,1.0,0.006879602
dmcfa,analysis/benchmarks/benchmarks/ex52,1,5,1,416,165,1.0504807692307692,1.0,1.0,1.0,1.0,0.007711172
dmcfa,analysis/benchmarks/benchmarks/get-set,1,5,1,465,182,1.049462365591398,1.0,1.0,1.0,1.0,0.012180007
dmcfa,analysis/benchmarks/benchmarks/sum1,1,5,1,169,67,1.047337278106509,1.0,1.0,1.0,1.0,0.002722688
dmcfa,analysis/benchmarks/benchmarks/sum1b,1,5,1,169,67,1.047337278106509,1.0,1.0,1.0,1.0,0.002673316
dmcfa,analysis/benchmarks/benchmarks/sum1c,1,5,1,172,68,1.0465116279069768,1.0,1.0,1.0,1.0,0.002722117
dmcfa,analysis/benchmarks/benchmarks/sum1d,1,5,1,172,68,1.0465116279069768,1.0,1.0,1.0,1.0,0.002714543
dmcfa,analysis/benchmarks/benchmarks/sum1x,1,5,1,169,67,1.047337278106509,1.0,1.0,1.0,1.0,0.002672174
dmcfa,analysis/benchmarks/benchmarks/sum2,1,5,1,250,98,1.052,1.0,1.0,1.0,1.0,0.004730343
dmcfa,analysis/benchmarks/benchmarks/sum2b,1,5,1,250,98,1.052,1.0,1.0,1.0,1.0,0.004771409
dmcfa,analysis/benchmarks/benchmarks/sum2c,1,5,1,256,100,1.05078125,1.0,1.0,1.0,1.0,0.004847612
dmcfa,analysis/benchmarks/benchmarks/sum2d,1,5,1,256,100,1.05078125,1.0,1.0,1.0,1.0,0.004813107
dmcfa,analysis/benchmarks/benchmarks/ex1,1,6,1,92,36,1.0434782608695652,1.0,1.0,1.0,1.0,0.000827624
dmcfa,analysis/benchmarks/benchmarks/ex10,1,6,1,115,46,1.0434782608695652,1.0,1.0,1.0,1.0,0.001010335
dmcfa,analysis/benchmarks/benchmarks/ex11,1,6,1,130,52,1.0461538461538462,1.0,1.0,1.0,1.0,0.001392408
dmcfa,analysis/benchmarks/benchmarks/ex12,1,6,1,130,52,1.0461538461538462,1.0,1.0,1.0,1.0,0.001162288
dmcfa,analysis/benchmarks/benchmarks/ex13,1,6,1,145,58,1.0482758620689656,1.0,1.0,1.0,1.0,0.001407365
dmcfa,analysis/benchmarks/benchmarks/ex2,1,6,1,152,60,1.0460526315789473,1.0,1.0,1.0,1.0,0.001589194
dmcfa,analysis/benchmarks/benchmarks/ex201,1,6,1,147,60,1.0408163265306123,1.0,1.0,1.0,1.0,0.001440106
dmcfa,analysis/benchmarks/benchmarks/ex21,1,6,1,178,71,1.0449438202247192,1.0,1.0,1.0,1.0,0.001858857
dmcfa,analysis/benchmarks/benchmarks/ex22,1,6,1,356,139,1.050561797752809,1.0,1.0,1.0,1.0,0.004991781
dmcfa,analysis/benchmarks/benchmarks/ex23,1,6,1,271,110,1.044280442804428,1.0,1.0,1.0,1.0,0.003685805
dmcfa,analysis/benchmarks/benchmarks/ex3,1,6,1,203,81,1.0443349753694582,1.0,1.0,1.0,1.0,0.002717368
dmcfa,analysis/benchmarks/benchmarks/ex30,1,6,1,168,68,1.0416666666666667,1.0,1.0,1.0,1.0,0.002161962
dmcfa,analysis/benchmarks/benchmarks/ex31,1,6,1,264,104,1.0492424242424243,1.0,1.0,1.0,1.0,0.003791061
dmcfa,analysis/benchmarks/benchmarks/ex32,1,6,1,264,104,1.0492424242424243,1.0,1.0,1.0,1.0,0.003870198
dmcfa,analysis/benchmarks/benchmarks/ex33,1,6,1,253,101,1.0474308300395256,1.0,1.0,1.0,1.0,0.003731881
dmcfa,analysis/benchmarks/benchmarks/ex34,1,6,1,253,101,1.0474308300395256,1.0,1.0,1.0,1.0,0.003513474
dmcfa,analysis/benchmarks/benchmarks/ex4,1,6,1,203,81,1.0443349753694582,1.0,1.0,1.0,1.0,0.003080305
dmcfa,analysis/benchmarks/benchmarks/ex41,1,6,1,264,104,1.0492424242424243,1.0,1.0,1.0,1.0,0.004095749
dmcfa,analysis/benchmarks/benchmarks/ex42,1,6,1,264,104,1.0492424242424243,1.0,1.0,1.0,1.0,0.004060743
dmcfa,analysis/benchmarks/benchmarks/ex43,1,6,1,253,101,1.0474308300395256,1.0,1.0,1.0,1.0,0.003793826
dmcfa,analysis/benchmarks/benchmarks/ex44,1,6,1,253,101,1.0474308300395256,1.0,1.0,1.0,1.0,0.003729977
dmcfa,analysis/benchmarks/benchmarks/ex5,1,6,1,383,152,1.0496083550913837,1.0,1.0,1.0,1.0,0.006721576
dmcfa,analysis/benchmarks/benchmarks/ex51,1,6,1,383,152,1.0496083550913837,1.0,1.0,1.0,1.0,0.006898226
dmcfa,analysis/benchmarks/benchmarks/ex52,1,6,1,416,165,1.0504807692307692,1.0,1.0,1.0,1.0,0.007723706
dmcfa,analysis/benchmarks/benchmarks/get-set,1,6,1,465,182,1.049462365591398,1.0,1.0,1.0,1.0,0.012257071
dmcfa,analysis/benchmarks/benchmarks/sum1,1,6,1,169,67,1.047337278106509,1.0,1.0,1.0,1.0,0.002699825
dmcfa,analysis/benchmarks/benchmarks/sum1b,1,6,1,169,67,1.047337278106509,1.0,1.0,1.0,1.0,0.002746493
dmcfa,analysis/benchmarks/benchmarks/sum1c,1,6,1,172,68,1.0465116279069768,1.0,1.0,1.0,1.0,0.002742636
dmcfa,analysis/benchmarks/benchmarks/sum1d,1,6,1,172,68,1.0465116279069768,1.0,1.0,1.0,1.0,0.002735633
dmcfa,analysis/benchmarks/benchmarks/sum1x,1,6,1,169,67,1.047337278106509,1.0,1.0,1.0,1.0,0.002733188
dmcfa,analysis/benchmarks/benchmarks/sum2,1,6,1,250,98,1.052,1.0,1.0,1.0,1.0,0.004785385
dmcfa,analysis/benchmarks/benchmarks/sum2b,1,6,1,250,98,1.052,1.0,1.0,1.0,1.0,0.004785907
dmcfa,analysis/benchmarks/benchmarks/sum2c,1,6,1,256,100,1.05078125,1.0,1.0,1.0,1.0,0.004866867
dmcfa,analysis/benchmarks/benchmarks/sum2d,1,6,1,256,100,1.05078125,1.0,1.0,1.0,1.0,0.004816353
dmcfa,analysis/benchmarks/benchmarks/ex1,2,1,1,92,36,1.0434782608695652,1.0,1.0,1.0,1.0,0.000721285
dmcfa,analysis/benchmarks/benchmarks/ex10,2,1,1,115,46,1.0434782608695652,1.0,1.0,1.0,1.0,0.001117064
dmcfa,analysis/benchmarks/benchmarks/ex11,2,1,1,130,52,1.0461538461538462,1.0,1.0,1.0,1.0,0.001003522
dmcfa,analysis/benchmarks/benchmarks/ex12,2,1,1,130,52,1.0461538461538462,1.0,1.0,1.0,1.0,0.001113807
dmcfa,analysis/benchmarks/benchmarks/ex13,2,1,1,145,58,1.0482758620689656,1.0,1.0,1.0,1.0,0.001097427
dmcfa,analysis/benchmarks/benchmarks/ex2,2,1,1,152,60,1.0460526315789473,1.0,1.0,1.0,1.0,0.001300276
dmcfa,analysis/benchmarks/benchmarks/ex201,2,1,1,147,60,1.0408163265306123,1.0,1.0,1.0,1.0,0.001331954
dmcfa,analysis/benchmarks/benchmarks/ex21,2,1,1,178,71,1.0449438202247192,1.0,1.0,1.0,1.0,0.001467297
dmcfa,analysis/benchmarks/benchmarks/ex22,2,1,0,308,117,1.1103896103896105,1.1367521367521367,2.0,1.3666666666666667,1.1333333333333333,0.004583719
dmcfa,analysis/benchmarks/benchmarks/ex23,2,1,0,243,96,1.0987654320987654,1.125,2.0,1.4210526315789473,1.1136363636363635,0.003587511
dmcfa,analysis/benchmarks/benchmarks/ex3,2,1,1,203,81,1.0443349753694582,1.0,1.0,1.0,1.0,0.00250372
dmcfa,analysis/benchmarks/benchmarks/ex30,2,1,1,168,68,1.0416666666666667,1.0,1.0,1.0,1.0,0.001925411
dmcfa,analysis/benchmarks/benchmarks/ex31,2,1,1,264,104,1.0492424242424243,1.0,1.0,1.0,1.0,0.003247627
dmcfa,analysis/benchmarks/benchmarks/ex32,2,1,1,264,104,1.0492424242424243,1.0,1.0,1.0,1.0,0.003305956
dmcfa,analysis/benchmarks/benchmarks/ex33,2,1,1,253,101,1.0474308300395256,1.0,1.0,1.0,1.0,0.003461065
dmcfa,analysis/benchmarks/benchmarks/ex34,2,1,1,253,101,1.0474308300395256,1.0,1.0,1.0,1.0,0.003269979
dmcfa,analysis/benchmarks/benchmarks/ex4,2,1,1,203,81,1.0443349753694582,1.0,1.0,1.0,1.0,0.002657777
dmcfa,analysis/benchmarks/benchmarks/ex41,2,1,1,264,104,1.0492424242424243,1.0,1.0,1.0,1.0,0.003509636
dmcfa,analysis/benchmarks/benchmarks/ex42,2,1,1,264,104,1.0492424242424243,1.0,1.0,1.0,1.0,0.003751056
dmcfa,analysis/benchmarks/benchmarks/ex43,2,1,1,253,101,1.0474308300395256,1.0,1.0,1.0,1.0,0.003700291
dmcfa,analysis/benchmarks/benchmarks/ex44,2,1,1,253,101,1.0474308300395256,1.0,1.0,1.0,1.0,0.003694661
dmcfa,analysis/benchmarks/benchmarks/ex5,2,1,1,383,152,1.0496083550913837,1.0,1.0,1.0,1.0,0.006472673
dmcfa,analysis/benchmarks/benchmarks/ex51,2,1,1,383,152,1.0496083550913837,1.0,1.0,1.0,1.0,0.006230931
dmcfa,analysis/benchmarks/benchmarks/ex52,2,1,0,407,161,1.054054054054054,1.0062111801242235,1.0,1.0061349693251533,1.0595238095238095,0.007132583
dmcfa,analysis/benchmarks/benchmarks/get-set,2,1,0,630,248,1.0682539682539682,1.0524193548387097,1.2727272727272727,1.0904522613065326,1.1047619047619048,0.018515554
dmcfa,analysis/benchmarks/benchmarks/sum1,2,1,1,169,67,1.047337278106509,1.0,1.0,1.0,1.0,0.002393243
dmcfa,analysis/benchmarks/benchmarks/sum1b,2,1,1,169,67,1.047337278106509,1.0,1.0,1.0,1.0,0.002364079
dmcfa,analysis/benchmarks/benchmarks/sum1c,2,1,1,172,68,1.0465116279069768,1.0,1.0,1.0,1.0,0.00244517
dmcfa,analysis/benchmarks/benchmarks/sum1d,2,1,1,172,68,1.0465116279069768,1.0,1.0,1.0,1.0,0.002249626
dmcfa,analysis/benchmarks/benchmarks/sum1x,2,1,1,169,67,1.047337278106509,1.0,1.0,1.0,1.0,0.002164366
dmcfa,analysis/benchmarks/benchmarks/sum2,2,1,0,225,87,1.0755555555555556,1.0459770114942528,1.3333333333333333,1.0786516853932584,1.1325301204819278,0.003762999
dmcfa,analysis/benchmarks/benchmarks/sum2b,2,1,0,225,87,1.08,1.0574712643678161,1.3333333333333333,1.1123595505617978,1.1325301204819278,0.003783317
dmcfa,analysis/benchmarks/benchmarks/sum2c,2,1,0,245,93,1.0938775510204082,1.086021505376344,1.3333333333333333,1.1030927835051547,1.1704545454545454,0.0045142
dmcfa,analysis/benchmarks/benchmarks/sum2d,2,1,0,245,93,1.0979591836734695,1.096774193548387,1.3333333333333333,1.134020618556701,1.1704545454545454,0.004388906
dmcfa,analysis/benchmarks/benchmarks/ex1,2,2,1,92,36,1.0434782608695652,1.0,1.0,1.0,1.0,0.001098569
dmcfa,analysis/benchmarks/benchmarks/ex10,2,2,1,115,46,1.0434782608695652,1.0,1.0,1.0,1.0,0.000998953
dmcfa,analysis/benchmarks/benchmarks/ex11,2,2,1,130,52,1.0461538461538462,1.0,1.0,1.0,1.0,0.001369034
dmcfa,analysis/benchmarks/benchmarks/ex12,2,2,1,130,52,1.0461538461538462,1.0,1.0,1.0,1.0,0.001130609
dmcfa,analysis/benchmarks/benchmarks/ex13,2,2,1,145,58,1.0482758620689656,1.0,1.0,1.0,1.0,0.00142649
dmcfa,analysis/benchmarks/benchmarks/ex2,2,2,1,152,60,1.0460526315789473,1.0,1.0,1.0,1.0,0.001409649
dmcfa,analysis/benchmarks/benchmarks/ex201,2,2,1,147,60,1.0408163265306123,1.0,1.0,1.0,1.0,0.001368232
dmcfa,analysis/benchmarks/benchmarks/ex21,2,2,1,178,71,1.0449438202247192,1.0,1.0,1.0,1.0,0.001829592
dmcfa,analysis/benchmarks/benchmarks/ex22,2,2,1,356,139,1.050561797752809,1.0,1.0,1.0,1.0,0.004528025
dmcfa,analysis/benchmarks/benchmarks/ex23,2,2,1,271,110,1.044280442804428,1.0,1.0,1.0,1.0,0.003347985
dmcfa,analysis/benchmarks/benchmarks/ex3,2,2,1,203,81,1.0443349753694582,1.0,1.0,1.0,1.0,0.002869232
dmcfa,analysis/benchmarks/benchmarks/ex30,2,2,1,168,68,1.0416666666666667,1.0,1.0,1.0,1.0,0.002190686
dmcfa,analysis/benchmarks/benchmarks/ex31,2,2,1,264,104,1.0492424242424243,1.0,1.0,1.0,1.0,0.004134221
dmcfa,analysis/benchmarks/benchmarks/ex32,2,2,1,264,104,1.0492424242424243,1.0,1.0,1.0,1.0,0.004180848
dmcfa,analysis/benchmarks/benchmarks/ex33,2,2,1,253,101,1.0474308300395256,1.0,1.0,1.0,1.0,0.00404764
dmcfa,analysis/benchmarks/benchmarks/ex34,2,2,1,253,101,1.0474308300395256,1.0,1.0,1.0,1.0,0.004136976
dmcfa,analysis/benchmarks/benchmarks/ex4,2,2,1,203,81,1.0443349753694582,1.0,1.0,1.0,1.0,0.003273956
dmcfa,analysis/benchmarks/benchmarks/ex41,2,2,1,264,104,1.0492424242424243,1.0,1.0,1.0,1.0,0.004398514
dmcfa,analysis/benchmarks/benchmarks/ex42,2,2,1,264,104,1.0492424242424243,1.0,1.0,1.0,1.0,0.004357417
dmcfa,analysis/benchmarks/benchmarks/ex43,2,2,1,253,101,1.0474308300395256,1.0,1.0,1.0,1.0,0.00438539
dmcfa,analysis/benchmarks/benchmarks/ex44,2,2,1,253,101,1.0474308300395256,1.0,1.0,1.0,1.0,0.004352237
dmcfa,analysis/benchmarks/benchmarks/ex5,2,2,1,383,152,1.0496083550913837,1.0,1.0,1.0,1.0,0.007748622
dmcfa,analysis/benchmarks/benchmarks/ex51,2,2,1,383,152,1.0496083550913837,1.0,1.0,1.0,1.0,0.007798335
dmcfa,analysis/benchmarks/benchmarks/ex52,2,2,1,416,165,1.0504807692307692,1.0,1.0,1.0,1.0,0.00850332
dmcfa,analysis/benchmarks/benchmarks/get-set,2,2,0,683,267,1.0849194729136165,1.0861423220973783,1.2727272727272727,1.0985915492957747,1.1111111111111112,0.025789701
dmcfa,analysis/benchmarks/benchmarks/sum1,2,2,1,169,67,1.047337278106509,1.0,1.0,1.0,1.0,0.002653068
dmcfa,analysis/benchmarks/benchmarks/sum1b,2,2,1,169,67,1.047337278106509,1.0,1.0,1.0,1.0,0.002597945
dmcfa,analysis/benchmarks/benchmarks/sum1c,2,2,1,172,68,1.0465116279069768,1.0,1.0,1.0,1.0,0.002697331
dmcfa,analysis/benchmarks/benchmarks/sum1d,2,2,1,172,68,1.0465116279069768,1.0,1.0,1.0,1.0,0.002708952
dmcfa,analysis/benchmarks/benchmarks/sum1x,2,2,1,169,67,1.047337278106509,1.0,1.0,1.0,1.0,0.002632369
dmcfa,analysis/benchmarks/benchmarks/sum2,2,2,1,250,98,1.052,1.0,1.0,1.0,1.0,0.004374549
dmcfa,analysis/benchmarks/benchmarks/sum2b,2,2,1,250,98,1.052,1.0,1.0,1.0,1.0,0.00437527
dmcfa,analysis/benchmarks/benchmarks/sum2c,2,2,1,256,100,1.05078125,1.0,1.0,1.0,1.0,0.00461667
dmcfa,analysis/benchmarks/benchmarks/sum2d,2,2,1,256,100,1.05078125,1.0,1.0,1.0,1.0,0.004609928
dmcfa,analysis/benchmarks/benchmarks/ex1,2,3,1,92,36,1.0434782608695652,1.0,1.0,1.0,1.0,0.00082552
dmcfa,analysis/benchmarks/benchmarks/ex10,2,3,1,115,46,1.0434782608695652,1.0,1.0,1.0,1.0,0.001280288
dmcfa,analysis/benchmarks/benchmarks/ex11,2,3,1,130,52,1.0461538461538462,1.0,1.0,1.0,1.0,0.001214044
dmcfa,analysis/benchmarks/benchmarks/ex12,2,3,1,130,52,1.0461538461538462,1.0,1.0,1.0,1.0,0.001315062
dmcfa,analysis/benchmarks/benchmarks/ex13,2,3,1,145,58,1.0482758620689656,1.0,1.0,1.0,1.0,0.001366358
dmcfa,analysis/benchmarks/benchmarks/ex2,2,3,1,152,60,1.0460526315789473,1.0,1.0,1.0,1.0,0.001536476
dmcfa,analysis/benchmarks/benchmarks/ex201,2,3,1,147,60,1.0408163265306123,1.0,1.0,1.0,1.0,0.001579085
dmcfa,analysis/benchmarks/benchmarks/ex21,2,3,1,178,71,1.0449438202247192,1.0,1.0,1.0,1.0,0.001816768
dmcfa,analysis/benchmarks/benchmarks/ex22,2,3,1,356,139,1.050561797752809,1.0,1.0,1.0,1.0,0.004757804
dmcfa,analysis/benchmarks/benchmarks/ex23,2,3,1,271,110,1.044280442804428,1.0,1.0,1.0,1.0,0.003536546
dmcfa,analysis/benchmarks/benchmarks/ex3,2,3,1,203,81,1.0443349753694582,1.0,1.0,1.0,1.0,0.003126722
dmcfa,analysis/benchmarks/benchmarks/ex30,2,3,1,168,68,1.0416666666666667,1.0,1.0,1.0,1.0,0.002318635
dmcfa,analysis/benchmarks/benchmarks/ex31,2,3,1,264,104,1.0492424242424243,1.0,1.0,1.0,1.0,0.004141695
dmcfa,analysis/benchmarks/benchmarks/ex32,2,3,1,264,104,1.0492424242424243,1.0,1.0,1.0,1.0,0.00432146
dmcfa,analysis/benchmarks/benchmarks/ex33,2,3,1,253,101,1.0474308300395256,1.0,1.0,1.0,1.0,0.004417609
dmcfa,analysis/benchmarks/benchmarks/ex34,2,3,1,253,101,1.0474308300395256,1.0,1.0,1.0,1.0,0.00424655
dmcfa,analysis/benchmarks/benchmarks/ex4,2,3,1,203,81,1.0443349753694582,1.0,1.0,1.0,1.0,0.003325443
dmcfa,analysis/benchmarks/benchmarks/ex41,2,3,1,264,104,1.0492424242424243,1.0,1.0,1.0,1.0,0.004490315
dmcfa,analysis/benchmarks/benchmarks/ex42,2,3,1,264,104,1.0492424242424243,1.0,1.0,1.0,1.0,0.004481328
dmcfa,analysis/benchmarks/benchmarks/ex43,2,3,1,253,101,1.0474308300395256,1.0,1.0,1.0,1.0,0.004754347
dmcfa,analysis/benchmarks/benchmarks/ex44,2,3,1,253,101,1.0474308300395256,1.0,1.0,1.0,1.0,0.004676332
dmcfa,analysis/benchmarks/benchmarks/ex5,2,3,1,383,152,1.0496083550913837,1.0,1.0,1.0,1.0,0.008275666
dmcfa,analysis/benchmarks/benchmarks/ex51,2,3,1,383,152,1.0496083550913837,1.0,1.0,1.0,1.0,0.008038252
dmcfa,analysis/benchmarks/benchmarks/ex52,2,3,1,416,165,1.0504807692307692,1.0,1.0,1.0,1.0,0.009294526
dmcfa,analysis/benchmarks/benchmarks/get-set,2,3,1,465,182,1.049462365591398,1.0,1.0,1.0,1.0,0.01415427
dmcfa,analysis/benchmarks/benchmarks/sum1,2,3,1,169,67,1.047337278106509,1.0,1.0,1.0,1.0,0.002723991
dmcfa,analysis/benchmarks/benchmarks/sum1b,2,3,1,169,67,1.047337278106509,1.0,1.0,1.0,1.0,0.00268056
dmcfa,analysis/benchmarks/benchmarks/sum1c,2,3,1,172,68,1.0465116279069768,1.0,1.0,1.0,1.0,0.002752645
dmcfa,analysis/benchmarks/benchmarks/sum1d,2,3,1,172,68,1.0465116279069768,1.0,1.0,1.0,1.0,0.002720604
dmcfa,analysis/benchmarks/benchmarks/sum1x,2,3,1,169,67,1.047337278106509,1.0,1.0,1.0,1.0,0.00265964
dmcfa,analysis/benchmarks/benchmarks/sum2,2,3,1,250,98,1.052,1.0,1.0,1.0,1.0,0.004653379
dmcfa,analysis/benchmarks/benchmarks/sum2b,2,3,1,250,98,1.052,1.0,1.0,1.0,1.0,0.004731295
dmcfa,analysis/benchmarks/benchmarks/sum2c,2,3,1,256,100,1.05078125,1.0,1.0,1.0,1.0,0.004872198
dmcfa,analysis/benchmarks/benchmarks/sum2d,2,3,1,256,100,1.05078125,1.0,1.0,1.0,1.0,0.004865084
dmcfa,analysis/benchmarks/benchmarks/ex1,2,4,1,92,36,1.0434782608695652,1.0,1.0,1.0,1.0,0.000835298
dmcfa,analysis/benchmarks/benchmarks/ex10,2,4,1,115,46,1.0434782608695652,1.0,1.0,1.0,1.0,0.001286259
dmcfa,analysis/benchmarks/benchmarks/ex11,2,4,1,130,52,1.0461538461538462,1.0,1.0,1.0,1.0,0.001224274
dmcfa,analysis/benchmarks/benchmarks/ex12,2,4,1,130,52,1.0461538461538462,1.0,1.0,1.0,1.0,0.001318088
dmcfa,analysis/benchmarks/benchmarks/ex13,2,4,1,145,58,1.0482758620689656,1.0,1.0,1.0,1.0,0.001369314
dmcfa,analysis/benchmarks/benchmarks/ex2,2,4,1,152,60,1.0460526315789473,1.0,1.0,1.0,1.0,0.001558978
dmcfa,analysis/benchmarks/benchmarks/ex201,2,4,1,147,60,1.0408163265306123,1.0,1.0,1.0,1.0,0.001565089
dmcfa,analysis/benchmarks/benchmarks/ex21,2,4,1,178,71,1.0449438202247192,1.0,1.0,1.0,1.0,0.002026529
dmcfa,analysis/benchmarks/benchmarks/ex22,2,4,1,356,139,1.050561797752809,1.0,1.0,1.0,1.0,0.004891003
dmcfa,analysis/benchmarks/benchmarks/ex23,2,4,1,271,110,1.044280442804428,1.0,1.0,1.0,1.0,0.003658604
dmcfa,analysis/benchmarks/benchmarks/ex3,2,4,1,203,81,1.0443349753694582,1.0,1.0,1.0,1.0,0.003117625
dmcfa,analysis/benchmarks/benchmarks/ex30,2,4,1,168,68,1.0416666666666667,1.0,1.0,1.0,1.0,0.002307123
dmcfa,analysis/benchmarks/benchmarks/ex31,2,4,1,264,104,1.0492424242424243,1.0,1.0,1.0,1.0,0.004429882
dmcfa,analysis/benchmarks/benchmarks/ex32,2,4,1,264,104,1.0492424242424243,1.0,1.0,1.0,1.0,0.004258142
dmcfa,analysis/benchmarks/benchmarks/ex33,2,4,1,253,101,1.0474308300395256,1.0,1.0,1.0,1.0,0.004386501
dmcfa,analysis/benchmarks/benchmarks/ex34,2,4,1,253,101,1.0474308300395256,1.0,1.0,1.0,1.0,0.004499432
dmcfa,analysis/benchmarks/benchmarks/ex4,2,4,1,203,81,1.0443349753694582,1.0,1.0,1.0,1.0,0.003272333
dmcfa,analysis/benchmarks/benchmarks/ex41,2,4,1,264,104,1.0492424242424243,1.0,1.0,1.0,1.0,0.004533065
dmcfa,analysis/benchmarks/benchmarks/ex42,2,4,1,264,104,1.0492424242424243,1.0,1.0,1.0,1.0,0.004746392
dmcfa,analysis/benchmarks/benchmarks/ex43,2,4,1,253,101,1.0474308300395256,1.0,1.0,1.0,1.0,0.004629575
dmcfa,analysis/benchmarks/benchmarks/ex44,2,4,1,253,101,1.0474308300395256,1.0,1.0,1.0,1.0,0.005006117
dmcfa,analysis/benchmarks/benchmarks/ex5,2,4,1,383,152,1.0496083550913837,1.0,1.0,1.0,1.0,0.007966638
dmcfa,analysis/benchmarks/benchmarks/ex51,2,4,1,383,152,1.0496083550913837,1.0,1.0,1.0,1.0,0.007833641
dmcfa,analysis/benchmarks/benchmarks/ex52,2,4,1,416,165,1.0504807692307692,1.0,1.0,1.0,1.0,0.009099602
dmcfa,analysis/benchmarks/benchmarks/get-set,2,4,1,465,182,1.049462365591398,1.0,1.0,1.0,1.0,0.014446374
dmcfa,analysis/benchmarks/benchmarks/sum1,2,4,1,169,67,1.047337278106509,1.0,1.0,1.0,1.0,0.002617643
dmcfa,analysis/benchmarks/benchmarks/sum1b,2,4,1,169,67,1.047337278106509,1.0,1.0,1.0,1.0,0.00260009
dmcfa,analysis/benchmarks/benchmarks/sum1c,2,4,1,172,68,1.0465116279069768,1.0,1.0,1.0,1.0,0.002694876
dmcfa,analysis/benchmarks/benchmarks/sum1d,2,4,1,172,68,1.0465116279069768,1.0,1.0,1.0,1.0,0.002668427
dmcfa,analysis/benchmarks/benchmarks/sum1x,2,4,1,169,67,1.047337278106509,1.0,1.0,1.0,1.0,0.002640665
dmcfa,analysis/benchmarks/benchmarks/sum2,2,4,1,250,98,1.052,1.0,1.0,1.0,1.0,0.004673306
dmcfa,analysis/benchmarks/benchmarks/sum2b,2,4,1,250,98,1.052,1.0,1.0,1.0,1.0,0.004737325
dmcfa,analysis/benchmarks/benchmarks/sum2c,2,4,1,256,100,1.05078125,1.0,1.0,1.0,1.0,0.004719593
dmcfa,analysis/benchmarks/benchmarks/sum2d,2,4,1,256,100,1.05078125,1.0,1.0,1.0,1.0,0.004686241
dmcfa,analysis/benchmarks/benchmarks/ex1,2,5,1,92,36,1.0434782608695652,1.0,1.0,1.0,1.0,0.000825771
dmcfa,analysis/benchmarks/benchmarks/ex10,2,5,1,115,46,1.0434782608695652,1.0,1.0,1.0,1.0,0.00124371
dmcfa,analysis/benchmarks/benchmarks/ex11,2,5,1,130,52,1.0461538461538462,1.0,1.0,1.0,1.0,0.001231577
dmcfa,analysis/benchmarks/benchmarks/ex12,2,5,1,130,52,1.0461538461538462,1.0,1.0,1.0,1.0,0.001282231
dmcfa,analysis/benchmarks/benchmarks/ex13,2,5,1,145,58,1.0482758620689656,1.0,1.0,1.0,1.0,0.00150657
dmcfa,analysis/benchmarks/benchmarks/ex2,2,5,1,152,60,1.0460526315789473,1.0,1.0,1.0,1.0,0.001451968
dmcfa,analysis/benchmarks/benchmarks/ex201,2,5,1,147,60,1.0408163265306123,1.0,1.0,1.0,1.0,0.001497704
dmcfa,analysis/benchmarks/benchmarks/ex21,2,5,1,178,71,1.0449438202247192,1.0,1.0,1.0,1.0,0.001916394
dmcfa,analysis/benchmarks/benchmarks/ex22,2,5,1,356,139,1.050561797752809,1.0,1.0,1.0,1.0,0.004811264
dmcfa,analysis/benchmarks/benchmarks/ex23,2,5,1,271,110,1.044280442804428,1.0,1.0,1.0,1.0,0.003852194
dmcfa,analysis/benchmarks/benchmarks/ex3,2,5,1,203,81,1.0443349753694582,1.0,1.0,1.0,1.0,0.003053104
dmcfa,analysis/benchmarks/benchmarks/ex30,2,5,1,168,68,1.0416666666666667,1.0,1.0,1.0,1.0,0.002248995
dmcfa,analysis/benchmarks/benchmarks/ex31,2,5,1,264,104,1.0492424242424243,1.0,1.0,1.0,1.0,0.004379068
dmcfa,analysis/benchmarks/benchmarks/ex32,2,5,1,264,104,1.0492424242424243,1.0,1.0,1.0,1.0,0.004201296
dmcfa,analysis/benchmarks/benchmarks/ex33,2,5,1,253,101,1.0474308300395256,1.0,1.0,1.0,1.0,0.004333433
dmcfa,analysis/benchmarks/benchmarks/ex34,2,5,1,253,101,1.0474308300395256,1.0,1.0,1.0,1.0,0.004465919
dmcfa,analysis/benchmarks/benchmarks/ex4,2,5,1,203,81,1.0443349753694582,1.0,1.0,1.0,1.0,0.003201
dmcfa,analysis/benchmarks/benchmarks/ex41,2,5,1,264,104,1.0492424242424243,1.0,1.0,1.0,1.0,0.004618785
dmcfa,analysis/benchmarks/benchmarks/ex42,2,5,1,264,104,1.0492424242424243,1.0,1.0,1.0,1.0,0.004611772
dmcfa,analysis/benchmarks/benchmarks/ex43,2,5,1,253,101,1.0474308300395256,1.0,1.0,1.0,1.0,0.004629304
dmcfa,analysis/benchmarks/benchmarks/ex44,2,5,1,253,101,1.0474308300395256,1.0,1.0,1.0,1.0,0.004702731
dmcfa,analysis/benchmarks/benchmarks/ex5,2,5,1,383,152,1.0496083550913837,1.0,1.0,1.0,1.0,0.008477502
dmcfa,analysis/benchmarks/benchmarks/ex51,2,5,1,383,152,1.0496083550913837,1.0,1.0,1.0,1.0,0.008253003
dmcfa,analysis/benchmarks/benchmarks/ex52,2,5,1,416,165,1.0504807692307692,1.0,1.0,1.0,1.0,0.009192606
dmcfa,analysis/benchmarks/benchmarks/get-set,2,5,1,465,182,1.049462365591398,1.0,1.0,1.0,1.0,0.015171106
dmcfa,analysis/benchmarks/benchmarks/sum1,2,5,1,169,67,1.047337278106509,1.0,1.0,1.0,1.0,0.002660703
dmcfa,analysis/benchmarks/benchmarks/sum1b,2,5,1,169,67,1.047337278106509,1.0,1.0,1.0,1.0,0.00260574
dmcfa,analysis/benchmarks/benchmarks/sum1c,2,5,1,172,68,1.0465116279069768,1.0,1.0,1.0,1.0,0.002667696
dmcfa,analysis/benchmarks/benchmarks/sum1d,2,5,1,172,68,1.0465116279069768,1.0,1.0,1.0,1.0,0.002656475
dmcfa,analysis/benchmarks/benchmarks/sum1x,2,5,1,169,67,1.047337278106509,1.0,1.0,1.0,1.0,0.002641486
dmcfa,analysis/benchmarks/benchmarks/sum2,2,5,1,250,98,1.052,1.0,1.0,1.0,1.0,0.004730503
dmcfa,analysis/benchmarks/benchmarks/sum2b,2,5,1,250,98,1.052,1.0,1.0,1.0,1.0,0.004770778
dmcfa,analysis/benchmarks/benchmarks/sum2c,2,5,1,256,100,1.05078125,1.0,1.0,1.0,1.0,0.004880202
dmcfa,analysis/benchmarks/benchmarks/sum2d,2,5,1,256,100,1.05078125,1.0,1.0,1.0,1.0,0.004898065
dmcfa,analysis/benchmarks/benchmarks/ex1,2,6,1,92,36,1.0434782608695652,1.0,1.0,1.0,1.0,0.001126711
dmcfa,analysis/benchmarks/benchmarks/ex10,2,6,1,115,46,1.0434782608695652,1.0,1.0,1.0,1.0,0.001036263
dmcfa,analysis/benchmarks/benchmarks/ex11,2,6,1,130,52,1.0461538461538462,1.0,1.0,1.0,1.0,0.001445366
dmcfa,analysis/benchmarks/benchmarks/ex12,2,6,1,130,52,1.0461538461538462,1.0,1.0,1.0,1.0,0.001182516
dmcfa,analysis/benchmarks/benchmarks/ex13,2,6,1,145,58,1.0482758620689656,1.0,1.0,1.0,1.0,0.001491502
dmcfa,analysis/benchmarks/benchmarks/ex2,2,6,1,152,60,1.0460526315789473,1.0,1.0,1.0,1.0,0.001464552
dmcfa,analysis/benchmarks/benchmarks/ex201,2,6,1,147,60,1.0408163265306123,1.0,1.0,1.0,1.0,0.001465493
dmcfa,analysis/benchmarks/benchmarks/ex21,2,6,1,178,71,1.0449438202247192,1.0,1.0,1.0,1.0,0.001948665
dmcfa,analysis/benchmarks/benchmarks/ex22,2,6,1,356,139,1.050561797752809,1.0,1.0,1.0,1.0,0.005218152
dmcfa,analysis/benchmarks/benchmarks/ex23,2,6,1,271,110,1.044280442804428,1.0,1.0,1.0,1.0,0.003815386
dmcfa,analysis/benchmarks/benchmarks/ex3,2,6,1,203,81,1.0443349753694582,1.0,1.0,1.0,1.0,0.002997981
dmcfa,analysis/benchmarks/benchmarks/ex30,2,6,1,168,68,1.0416666666666667,1.0,1.0,1.0,1.0,0.00225758
dmcfa,analysis/benchmarks/benchmarks/ex31,2,6,1,264,104,1.0492424242424243,1.0,1.0,1.0,1.0,0.004342639
dmcfa,analysis/benchmarks/benchmarks/ex32,2,6,1,264,104,1.0492424242424243,1.0,1.0,1.0,1.0,0.004446082
dmcfa,analysis/benchmarks/benchmarks/ex33,2,6,1,253,101,1.0474308300395256,1.0,1.0,1.0,1.0,0.004274993
dmcfa,analysis/benchmarks/benchmarks/ex34,2,6,1,253,101,1.0474308300395256,1.0,1.0,1.0,1.0,0.004399466
dmcfa,analysis/benchmarks/benchmarks/ex4,2,6,1,203,81,1.0443349753694582,1.0,1.0,1.0,1.0,0.003413596
dmcfa,analysis/benchmarks/benchmarks/ex41,2,6,1,264,104,1.0492424242424243,1.0,1.0,1.0,1.0,0.004582357
dmcfa,analysis/benchmarks/benchmarks/ex42,2,6,1,264,104,1.0492424242424243,1.0,1.0,1.0,1.0,0.004587326
dmcfa,analysis/benchmarks/benchmarks/ex43,2,6,1,253,101,1.0474308300395256,1.0,1.0,1.0,1.0,0.004619616
dmcfa,analysis/benchmarks/benchmarks/ex44,2,6,1,253,101,1.0474308300395256,1.0,1.0,1.0,1.0,0.004619246
dmcfa,analysis/benchmarks/benchmarks/ex5,2,6,1,383,152,1.0496083550913837,1.0,1.0,1.0,1.0,0.00821895
dmcfa,analysis/benchmarks/benchmarks/ex51,2,6,1,383,152,1.0496083550913837,1.0,1.0,1.0,1.0,0.00822979
dmcfa,analysis/benchmarks/benchmarks/ex52,2,6,1,416,165,1.0504807692307692,1.0,1.0,1.0,1.0,0.009198646
dmcfa,analysis/benchmarks/benchmarks/get-set,2,6,1,465,182,1.049462365591398,1.0,1.0,1.0,1.0,0.015594546
dmcfa,analysis/benchmarks/benchmarks/sum1,2,6,1,169,67,1.047337278106509,1.0,1.0,1.0,1.0,0.002789613
dmcfa,analysis/benchmarks/benchmarks/sum1b,2,6,1,169,67,1.047337278106509,1.0,1.0,1.0,1.0,0.00277748
dmcfa,analysis/benchmarks/benchmarks/sum1c,2,6,1,172,68,1.0465116279069768,1.0,1.0,1.0,1.0,0.002834677
dmcfa,analysis/benchmarks/benchmarks/sum1d,2,6,1,172,68,1.0465116279069768,1.0,1.0,1.0,1.0,0.002839586
dmcfa,analysis/benchmarks/benchmarks/sum1x,2,6,1,169,67,1.047337278106509,1.0,1.0,1.0,1.0,0.002647368
dmcfa,analysis/benchmarks/benchmarks/sum2,2,6,1,250,98,1.052,1.0,1.0,1.0,1.0,0.004733499
dmcfa,analysis/benchmarks/benchmarks/sum2b,2,6,1,250,98,1.052,1.0,1.0,1.0,1.0,0.004761561
dmcfa,analysis/benchmarks/benchmarks/sum2c,2,6,1,256,100,1.05078125,1.0,1.0,1.0,1.0,0.004800333
dmcfa,analysis/benchmarks/benchmarks/sum2d,2,6,1,256,100,1.05078125,1.0,1.0,1.0,1.0,0.004806544
dmcfa,analysis/benchmarks/benchmarks/ex1,3,1,1,92,36,1.0434782608695652,1.0,1.0,1.0,1.0,0.000998843
dmcfa,analysis/benchmarks/benchmarks/ex10,3,1,1,115,46,1.0434782608695652,1.0,1.0,1.0,1.0,0.000861998
dmcfa,analysis/benchmarks/benchmarks/ex11,3,1,1,130,52,1.0461538461538462,1.0,1.0,1.0,1.0,0.001210047
dmcfa,analysis/benchmarks/benchmarks/ex12,3,1,1,130,52,1.0461538461538462,1.0,1.0,1.0,1.0,0.000965009
dmcfa,analysis/benchmarks/benchmarks/ex13,3,1,1,145,58,1.0482758620689656,1.0,1.0,1.0,1.0,0.001193756
dmcfa,analysis/benchmarks/benchmarks/ex2,3,1,1,152,60,1.0460526315789473,1.0,1.0,1.0,1.0,0.001387498
dmcfa,analysis/benchmarks/benchmarks/ex201,3,1,1,147,60,1.0408163265306123,1.0,1.0,1.0,1.0,0.001174621
dmcfa,analysis/benchmarks/benchmarks/ex21,3,1,1,178,71,1.0449438202247192,1.0,1.0,1.0,1.0,0.001567865
dmcfa,analysis/benchmarks/benchmarks/ex22,3,1,0,308,117,1.1103896103896105,1.1367521367521367,2.0,1.3666666666666667,1.1333333333333333,0.004742766
dmcfa,analysis/benchmarks/benchmarks/ex23,3,1,0,243,96,1.0987654320987654,1.125,2.0,1.4210526315789473,1.1136363636363635,0.003685714
dmcfa,analysis/benchmarks/benchmarks/ex3,3,1,1,203,81,1.0443349753694582,1.0,1.0,1.0,1.0,0.002377234
dmcfa,analysis/benchmarks/benchmarks/ex30,3,1,1,168,68,1.0416666666666667,1.0,1.0,1.0,1.0,0.001857394
dmcfa,analysis/benchmarks/benchmarks/ex31,3,1,1,264,104,1.0492424242424243,1.0,1.0,1.0,1.0,0.003378551
dmcfa,analysis/benchmarks/benchmarks/ex32,3,1,1,264,104,1.0492424242424243,1.0,1.0,1.0,1.0,0.003468118
dmcfa,analysis/benchmarks/benchmarks/ex33,3,1,1,253,101,1.0474308300395256,1.0,1.0,1.0,1.0,0.003354717
dmcfa,analysis/benchmarks/benchmarks/ex34,3,1,1,253,101,1.0474308300395256,1.0,1.0,1.0,1.0,0.003380264
dmcfa,analysis/benchmarks/benchmarks/ex4,3,1,1,203,81,1.0443349753694582,1.0,1.0,1.0,1.0,0.002813658
dmcfa,analysis/benchmarks/benchmarks/ex41,3,1,1,264,104,1.0492424242424243,1.0,1.0,1.0,1.0,0.003744995
dmcfa,analysis/benchmarks/benchmarks/ex42,3,1,1,264,104,1.0492424242424243,1.0,1.0,1.0,1.0,0.003648074
dmcfa,analysis/benchmarks/benchmarks/ex43,3,1,1,253,101,1.0474308300395256,1.0,1.0,1.0,1.0,0.003673992
dmcfa,analysis/benchmarks/benchmarks/ex44,3,1,1,253,101,1.0474308300395256,1.0,1.0,1.0,1.0,0.003622727
dmcfa,analysis/benchmarks/benchmarks/ex5,3,1,1,383,152,1.0496083550913837,1.0,1.0,1.0,1.0,0.006931668
dmcfa,analysis/benchmarks/benchmarks/ex51,3,1,1,383,152,1.0496083550913837,1.0,1.0,1.0,1.0,0.006892115
dmcfa,analysis/benchmarks/benchmarks/ex52,3,1,0,407,161,1.054054054054054,1.0062111801242235,1.0,1.0061349693251533,1.0595238095238095,0.007398369
dmcfa,analysis/benchmarks/benchmarks/get-set,3,1,1,465,182,1.049462365591398,1.0,1.0,1.0,1.0,0.011688731
dmcfa,analysis/benchmarks/benchmarks/sum1,3,1,1,169,67,1.047337278106509,1.0,1.0,1.0,1.0,0.002370401
dmcfa,analysis/benchmarks/benchmarks/sum1b,3,1,1,169,67,1.047337278106509,1.0,1.0,1.0,1.0,0.002307454
dmcfa,analysis/benchmarks/benchmarks/sum1c,3,1,1,172,68,1.0465116279069768,1.0,1.0,1.0,1.0,0.002397772
dmcfa,analysis/benchmarks/benchmarks/sum1d,3,1,1,172,68,1.0465116279069768,1.0,1.0,1.0,1.0,0.002430293
dmcfa,analysis/benchmarks/benchmarks/sum1x,3,1,1,169,67,1.047337278106509,1.0,1.0,1.0,1.0,0.002318755
dmcfa,analysis/benchmarks/benchmarks/sum2,3,1,0,225,87,1.0755555555555556,1.0459770114942528,1.3333333333333333,1.0786516853932584,1.1325301204819278,0.003867774
dmcfa,analysis/benchmarks/benchmarks/sum2b,3,1,0,225,87,1.08,1.0574712643678161,1.3333333333333333,1.1123595505617978,1.1325301204819278,0.003905564
dmcfa,analysis/benchmarks/benchmarks/sum2c,3,1,0,245,93,1.0938775510204082,1.086021505376344,1.3333333333333333,1.1030927835051547,1.1704545454545454,0.004409154
dmcfa,analysis/benchmarks/benchmarks/sum2d,3,1,0,245,93,1.0979591836734695,1.096774193548387,1.3333333333333333,1.134020618556701,1.1704545454545454,0.004385299
dmcfa,analysis/benchmarks/benchmarks/ex1,3,2,1,92,36,1.0434782608695652,1.0,1.0,1.0,1.0,0.000818727
dmcfa,analysis/benchmarks/benchmarks/ex10,3,2,1,115,46,1.0434782608695652,1.0,1.0,1.0,1.0,0.001002009
dmcfa,analysis/benchmarks/benchmarks/ex11,3,2,1,130,52,1.0461538461538462,1.0,1.0,1.0,1.0,0.001367671
dmcfa,analysis/benchmarks/benchmarks/ex12,3,2,1,130,52,1.0461538461538462,1.0,1.0,1.0,1.0,0.001135057
dmcfa,analysis/benchmarks/benchmarks/ex13,3,2,1,145,58,1.0482758620689656,1.0,1.0,1.0,1.0,0.001370045
dmcfa,analysis/benchmarks/benchmarks/ex2,3,2,1,152,60,1.0460526315789473,1.0,1.0,1.0,1.0,0.001562715
dmcfa,analysis/benchmarks/benchmarks/ex201,3,2,1,147,60,1.0408163265306123,1.0,1.0,1.0,1.0,0.001367231
dmcfa,analysis/benchmarks/benchmarks/ex21,3,2,1,178,71,1.0449438202247192,1.0,1.0,1.0,1.0,0.001805347
dmcfa,analysis/benchmarks/benchmarks/ex22,3,2,1,356,139,1.050561797752809,1.0,1.0,1.0,1.0,0.00442872
dmcfa,analysis/benchmarks/benchmarks/ex23,3,2,1,271,110,1.044280442804428,1.0,1.0,1.0,1.0,0.003268276
dmcfa,analysis/benchmarks/benchmarks/ex3,3,2,1,203,81,1.0443349753694582,1.0,1.0,1.0,1.0,0.002854454
dmcfa,analysis/benchmarks/benchmarks/ex30,3,2,1,168,68,1.0416666666666667,1.0,1.0,1.0,1.0,0.002156643
dmcfa,analysis/benchmarks/benchmarks/ex31,3,2,1,264,104,1.0492424242424243,1.0,1.0,1.0,1.0,0.004023815
dmcfa,analysis/benchmarks/benchmarks/ex32,3,2,1,264,104,1.0492424242424243,1.0,1.0,1.0,1.0,0.004152224
dmcfa,analysis/benchmarks/benchmarks/ex33,3,2,1,253,101,1.0474308300395256,1.0,1.0,1.0,1.0,0.003969954
dmcfa,analysis/benchmarks/benchmarks/ex34,3,2,1,253,101,1.0474308300395256,1.0,1.0,1.0,1.0,0.004044414
dmcfa,analysis/benchmarks/benchmarks/ex4,3,2,1,203,81,1.0443349753694582,1.0,1.0,1.0,1.0,0.003246976
dmcfa,analysis/benchmarks/benchmarks/ex41,3,2,1,264,104,1.0492424242424243,1.0,1.0,1.0,1.0,0.004376212
dmcfa,analysis/benchmarks/benchmarks/ex42,3,2,1,264,104,1.0492424242424243,1.0,1.0,1.0,1.0,0.004319918
dmcfa,analysis/benchmarks/benchmarks/ex43,3,2,1,253,101,1.0474308300395256,1.0,1.0,1.0,1.0,0.004365652
dmcfa,analysis/benchmarks/benchmarks/ex44,3,2,1,253,101,1.0474308300395256,1.0,1.0,1.0,1.0,0.004300972
dmcfa,analysis/benchmarks/benchmarks/ex5,3,2,1,383,152,1.0496083550913837,1.0,1.0,1.0,1.0,0.00830487
dmcfa,analysis/benchmarks/benchmarks/ex51,3,2,1,383,152,1.0496083550913837,1.0,1.0,1.0,1.0,0.008344163
dmcfa,analysis/benchmarks/benchmarks/ex52,3,2,1,416,165,1.0504807692307692,1.0,1.0,1.0,1.0,0.009024402
dmcfa,analysis/benchmarks/benchmarks/get-set,3,2,1,465,182,1.049462365591398,1.0,1.0,1.0,1.0,0.013840675
dmcfa,analysis/benchmarks/benchmarks/sum1,3,2,1,169,67,1.047337278106509,1.0,1.0,1.0,1.0,0.002699695
dmcfa,analysis/benchmarks/benchmarks/sum1b,3,2,1,169,67,1.047337278106509,1.0,1.0,1.0,1.0,0.002666473
dmcfa,analysis/benchmarks/benchmarks/sum1c,3,2,1,172,68,1.0465116279069768,1.0,1.0,1.0,1.0,0.002735693
dmcfa,analysis/benchmarks/benchmarks/sum1d,3,2,1,172,68,1.0465116279069768,1.0,1.0,1.0,1.0,0.002728228
dmcfa,analysis/benchmarks/benchmarks/sum1x,3,2,1,169,67,1.047337278106509,1.0,1.0,1.0,1.0,0.002639894
dmcfa,analysis/benchmarks/benchmarks/sum2,3,2,1,250,98,1.052,1.0,1.0,1.0,1.0,0.004380961
dmcfa,analysis/benchmarks/benchmarks/sum2b,3,2,1,250,98,1.052,1.0,1.0,1.0,1.0,0.004369199
dmcfa,analysis/benchmarks/benchmarks/sum2c,3,2,1,256,100,1.05078125,1.0,1.0,1.0,1.0,0.00462719
dmcfa,analysis/benchmarks/benchmarks/sum2d,3,2,1,256,100,1.05078125,1.0,1.0,1.0,1.0,0.004607424
dmcfa,analysis/benchmarks/benchmarks/ex1,3,3,1,92,36,1.0434782608695652,1.0,1.0,1.0,1.0,0.000827213
dmcfa,analysis/benchmarks/benchmarks/ex10,3,3,1,115,46,1.0434782608695652,1.0,1.0,1.0,1.0,0.001305395
dmcfa,analysis/benchmarks/benchmarks/ex11,3,3,1,130,52,1.0461538461538462,1.0,1.0,1.0,1.0,0.001218433
dmcfa,analysis/benchmarks/benchmarks/ex12,3,3,1,130,52,1.0461538461538462,1.0,1.0,1.0,1.0,0.001337334
dmcfa,analysis/benchmarks/benchmarks/ex13,3,3,1,145,58,1.0482758620689656,1.0,1.0,1.0,1.0,0.001363132
dmcfa,analysis/benchmarks/benchmarks/ex2,3,3,1,152,60,1.0460526315789473,1.0,1.0,1.0,1.0,0.00158171
dmcfa,analysis/benchmarks/benchmarks/ex201,3,3,1,147,60,1.0408163265306123,1.0,1.0,1.0,1.0,0.001630501
dmcfa,analysis/benchmarks/benchmarks/ex21,3,3,1,178,71,1.0449438202247192,1.0,1.0,1.0,1.0,0.001827398
dmcfa,analysis/benchmarks/benchmarks/ex22,3,3,1,356,139,1.050561797752809,1.0,1.0,1.0,1.0,0.004881074
dmcfa,analysis/benchmarks/benchmarks/ex23,3,3,1,271,110,1.044280442804428,1.0,1.0,1.0,1.0,0.003585818
dmcfa,analysis/benchmarks/benchmarks/ex3,3,3,1,203,81,1.0443349753694582,1.0,1.0,1.0,1.0,0.003165824
dmcfa,analysis/benchmarks/benchmarks/ex30,3,3,1,168,68,1.0416666666666667,1.0,1.0,1.0,1.0,0.002331929
dmcfa,analysis/benchmarks/benchmarks/ex31,3,3,1,264,104,1.0492424242424243,1.0,1.0,1.0,1.0,0.004155912
dmcfa,analysis/benchmarks/benchmarks/ex32,3,3,1,264,104,1.0492424242424243,1.0,1.0,1.0,1.0,0.00431631
dmcfa,analysis/benchmarks/benchmarks/ex33,3,3,1,253,101,1.0474308300395256,1.0,1.0,1.0,1.0,0.004429722
dmcfa,analysis/benchmarks/benchmarks/ex34,3,3,1,253,101,1.0474308300395256,1.0,1.0,1.0,1.0,0.004255958
dmcfa,analysis/benchmarks/benchmarks/ex4,3,3,1,203,81,1.0443349753694582,1.0,1.0,1.0,1.0,0.003350299
dmcfa,analysis/benchmarks/benchmarks/ex41,3,3,1,264,104,1.0492424242424243,1.0,1.0,1.0,1.0,0.004510653
dmcfa,analysis/benchmarks/benchmarks/ex42,3,3,1,264,104,1.0492424242424243,1.0,1.0,1.0,1.0,0.004533115
dmcfa,analysis/benchmarks/benchmarks/ex43,3,3,1,253,101,1.0474308300395256,1.0,1.0,1.0,1.0,0.004781138
dmcfa,analysis/benchmarks/benchmarks/ex44,3,3,1,253,101,1.0474308300395256,1.0,1.0,1.0,1.0,0.004765608
dmcfa,analysis/benchmarks/benchmarks/ex5,3,3,1,383,152,1.0496083550913837,1.0,1.0,1.0,1.0,0.008648901
dmcfa,analysis/benchmarks/benchmarks/ex51,3,3,1,383,152,1.0496083550913837,1.0,1.0,1.0,1.0,0.008756612
dmcfa,analysis/benchmarks/benchmarks/ex52,3,3,1,416,165,1.0504807692307692,1.0,1.0,1.0,1.0,0.009828772
dmcfa,analysis/benchmarks/benchmarks/get-set,3,3,1,465,182,1.049462365591398,1.0,1.0,1.0,1.0,0.01509315
dmcfa,analysis/benchmarks/benchmarks/sum1,3,3,1,169,67,1.047337278106509,1.0,1.0,1.0,1.0,0.00272394
dmcfa,analysis/benchmarks/benchmarks/sum1b,3,3,1,169,67,1.047337278106509,1.0,1.0,1.0,1.0,0.002693163
dmcfa,analysis/benchmarks/benchmarks/sum1c,3,3,1,172,68,1.0465116279069768,1.0,1.0,1.0,1.0,0.002705456
dmcfa,analysis/benchmarks/benchmarks/sum1d,3,3,1,172,68,1.0465116279069768,1.0,1.0,1.0,1.0,0.002738699
dmcfa,analysis/benchmarks/benchmarks/sum1x,3,3,1,169,67,1.047337278106509,1.0,1.0,1.0,1.0,0.002690237
dmcfa,analysis/benchmarks/benchmarks/sum2,3,3,1,250,98,1.052,1.0,1.0,1.0,1.0,0.004689427
dmcfa,analysis/benchmarks/benchmarks/sum2b,3,3,1,250,98,1.052,1.0,1.0,1.0,1.0,0.004725524
dmcfa,analysis/benchmarks/benchmarks/sum2c,3,3,1,256,100,1.05078125,1.0,1.0,1.0,1.0,0.004832743
dmcfa,analysis/benchmarks/benchmarks/sum2d,3,3,1,256,100,1.05078125,1.0,1.0,1.0,1.0,0.004810973
dmcfa,analysis/benchmarks/benchmarks/ex1,3,4,1,92,36,1.0434782608695652,1.0,1.0,1.0,1.0,0.000829377
dmcfa,analysis/benchmarks/benchmarks/ex10,3,4,1,115,46,1.0434782608695652,1.0,1.0,1.0,1.0,0.001288312
dmcfa,analysis/benchmarks/benchmarks/ex11,3,4,1,130,52,1.0461538461538462,1.0,1.0,1.0,1.0,0.001207763
dmcfa,analysis/benchmarks/benchmarks/ex12,3,4,1,130,52,1.0461538461538462,1.0,1.0,1.0,1.0,0.001323278
dmcfa,analysis/benchmarks/benchmarks/ex13,3,4,1,145,58,1.0482758620689656,1.0,1.0,1.0,1.0,0.001361338
dmcfa,analysis/benchmarks/benchmarks/ex2,3,4,1,152,60,1.0460526315789473,1.0,1.0,1.0,1.0,0.001541916
dmcfa,analysis/benchmarks/benchmarks/ex201,3,4,1,147,60,1.0408163265306123,1.0,1.0,1.0,1.0,0.001572403
dmcfa,analysis/benchmarks/benchmarks/ex21,3,4,1,178,71,1.0449438202247192,1.0,1.0,1.0,1.0,0.002044954
dmcfa,analysis/benchmarks/benchmarks/ex22,3,4,1,356,139,1.050561797752809,1.0,1.0,1.0,1.0,0.004893767
dmcfa,analysis/benchmarks/benchmarks/ex23,3,4,1,271,110,1.044280442804428,1.0,1.0,1.0,1.0,0.003669384
dmcfa,analysis/benchmarks/benchmarks/ex3,3,4,1,203,81,1.0443349753694582,1.0,1.0,1.0,1.0,0.003113777
dmcfa,analysis/benchmarks/benchmarks/ex30,3,4,1,168,68,1.0416666666666667,1.0,1.0,1.0,1.0,0.00228957
dmcfa,analysis/benchmarks/benchmarks/ex31,3,4,1,264,104,1.0492424242424243,1.0,1.0,1.0,1.0,0.004140052
dmcfa,analysis/benchmarks/benchmarks/ex32,3,4,1,264,104,1.0492424242424243,1.0,1.0,1.0,1.0,0.004249526
dmcfa,analysis/benchmarks/benchmarks/ex33,3,4,1,253,101,1.0474308300395256,1.0,1.0,1.0,1.0,0.004369751
dmcfa,analysis/benchmarks/benchmarks/ex34,3,4,1,253,101,1.0474308300395256,1.0,1.0,1.0,1.0,0.00420325
dmcfa,analysis/benchmarks/benchmarks/ex4,3,4,1,203,81,1.0443349753694582,1.0,1.0,1.0,1.0,0.003260471
dmcfa,analysis/benchmarks/benchmarks/ex41,3,4,1,264,104,1.0492424242424243,1.0,1.0,1.0,1.0,0.004453516
dmcfa,analysis/benchmarks/benchmarks/ex42,3,4,1,264,104,1.0492424242424243,1.0,1.0,1.0,1.0,0.004727308
dmcfa,analysis/benchmarks/benchmarks/ex43,3,4,1,253,101,1.0474308300395256,1.0,1.0,1.0,1.0,0.004670161
dmcfa,analysis/benchmarks/benchmarks/ex44,3,4,1,253,101,1.0474308300395256,1.0,1.0,1.0,1.0,0.004631779
dmcfa,analysis/benchmarks/benchmarks/ex5,3,4,1,383,152,1.0496083550913837,1.0,1.0,1.0,1.0,0.008785126
dmcfa,analysis/benchmarks/benchmarks/ex51,3,4,1,383,152,1.0496083550913837,1.0,1.0,1.0,1.0,0.008558403
dmcfa,analysis/benchmarks/benchmarks/ex52,3,4,1,416,165,1.0504807692307692,1.0,1.0,1.0,1.0,0.009755145
dmcfa,analysis/benchmarks/benchmarks/get-set,3,4,1,465,182,1.049462365591398,1.0,1.0,1.0,1.0,0.015874779
dmcfa,analysis/benchmarks/benchmarks/sum1,3,4,1,169,67,1.047337278106509,1.0,1.0,1.0,1.0,0.002705436
dmcfa,analysis/benchmarks/benchmarks/sum1b,3,4,1,169,67,1.047337278106509,1.0,1.0,1.0,1.0,0.00265363
dmcfa,analysis/benchmarks/benchmarks/sum1c,3,4,1,172,68,1.0465116279069768,1.0,1.0,1.0,1.0,0.002734661
dmcfa,analysis/benchmarks/benchmarks/sum1d,3,4,1,172,68,1.0465116279069768,1.0,1.0,1.0,1.0,0.002742906
dmcfa,analysis/benchmarks/benchmarks/sum1x,3,4,1,169,67,1.047337278106509,1.0,1.0,1.0,1.0,0.002694646
dmcfa,analysis/benchmarks/benchmarks/sum2,3,4,1,250,98,1.052,1.0,1.0,1.0,1.0,0.004772662
dmcfa,analysis/benchmarks/benchmarks/sum2b,3,4,1,250,98,1.052,1.0,1.0,1.0,1.0,0.004758265
dmcfa,analysis/benchmarks/benchmarks/sum2c,3,4,1,256,100,1.05078125,1.0,1.0,1.0,1.0,0.00480907
dmcfa,analysis/benchmarks/benchmarks/sum2d,3,4,1,256,100,1.05078125,1.0,1.0,1.0,1.0,0.004847431
dmcfa,analysis/benchmarks/benchmarks/ex1,3,5,1,92,36,1.0434782608695652,1.0,1.0,1.0,1.0,0.00082053
dmcfa,analysis/benchmarks/benchmarks/ex10,3,5,1,115,46,1.0434782608695652,1.0,1.0,1.0,1.0,0.001260902
dmcfa,analysis/benchmarks/benchmarks/ex11,3,5,1,130,52,1.0461538461538462,1.0,1.0,1.0,1.0,0.001218643
dmcfa,analysis/benchmarks/benchmarks/ex12,3,5,1,130,52,1.0461538461538462,1.0,1.0,1.0,1.0,0.001300295
dmcfa,analysis/benchmarks/benchmarks/ex13,3,5,1,145,58,1.0482758620689656,1.0,1.0,1.0,1.0,0.001352473
dmcfa,analysis/benchmarks/benchmarks/ex2,3,5,1,152,60,1.0460526315789473,1.0,1.0,1.0,1.0,0.001508985
dmcfa,analysis/benchmarks/benchmarks/ex201,3,5,1,147,60,1.0408163265306123,1.0,1.0,1.0,1.0,0.001526036
dmcfa,analysis/benchmarks/benchmarks/ex21,3,5,1,178,71,1.0449438202247192,1.0,1.0,1.0,1.0,0.001981776
dmcfa,analysis/benchmarks/benchmarks/ex22,3,5,1,356,139,1.050561797752809,1.0,1.0,1.0,1.0,0.00484141
dmcfa,analysis/benchmarks/benchmarks/ex23,3,5,1,271,110,1.044280442804428,1.0,1.0,1.0,1.0,0.003933246
dmcfa,analysis/benchmarks/benchmarks/ex3,3,5,1,203,81,1.0443349753694582,1.0,1.0,1.0,1.0,0.003036824
dmcfa,analysis/benchmarks/benchmarks/ex30,3,5,1,168,68,1.0416666666666667,1.0,1.0,1.0,1.0,0.002264834
dmcfa,analysis/benchmarks/benchmarks/ex31,3,5,1,264,104,1.0492424242424243,1.0,1.0,1.0,1.0,0.004344002
dmcfa,analysis/benchmarks/benchmarks/ex32,3,5,1,264,104,1.0492424242424243,1.0,1.0,1.0,1.0,0.004196798
dmcfa,analysis/benchmarks/benchmarks/ex33,3,5,1,253,101,1.0474308300395256,1.0,1.0,1.0,1.0,0.004383235
dmcfa,analysis/benchmarks/benchmarks/ex34,3,5,1,253,101,1.0474308300395256,1.0,1.0,1.0,1.0,0.004488392
dmcfa,analysis/benchmarks/benchmarks/ex4,3,5,1,203,81,1.0443349753694582,1.0,1.0,1.0,1.0,0.003260051
dmcfa,analysis/benchmarks/benchmarks/ex41,3,5,1,264,104,1.0492424242424243,1.0,1.0,1.0,1.0,0.004730964
dmcfa,analysis/benchmarks/benchmarks/ex42,3,5,1,264,104,1.0492424242424243,1.0,1.0,1.0,1.0,0.004649943
dmcfa,analysis/benchmarks/benchmarks/ex43,3,5,1,253,101,1.0474308300395256,1.0,1.0,1.0,1.0,0.004700998
dmcfa,analysis/benchmarks/benchmarks/ex44,3,5,1,253,101,1.0474308300395256,1.0,1.0,1.0,1.0,0.004686621
dmcfa,analysis/benchmarks/benchmarks/ex5,3,5,1,383,152,1.0496083550913837,1.0,1.0,1.0,1.0,0.008872288
dmcfa,analysis/benchmarks/benchmarks/ex51,3,5,1,383,152,1.0496083550913837,1.0,1.0,1.0,1.0,0.008888348
dmcfa,analysis/benchmarks/benchmarks/ex52,3,5,1,416,165,1.0504807692307692,1.0,1.0,1.0,1.0,0.009735628
dmcfa,analysis/benchmarks/benchmarks/get-set,3,5,1,465,182,1.049462365591398,1.0,1.0,1.0,1.0,0.016447887
dmcfa,analysis/benchmarks/benchmarks/sum1,3,5,1,169,67,1.047337278106509,1.0,1.0,1.0,1.0,0.002714663
dmcfa,analysis/benchmarks/benchmarks/sum1b,3,5,1,169,67,1.047337278106509,1.0,1.0,1.0,1.0,0.002683315
dmcfa,analysis/benchmarks/benchmarks/sum1c,3,5,1,172,68,1.0465116279069768,1.0,1.0,1.0,1.0,0.002671974
dmcfa,analysis/benchmarks/benchmarks/sum1d,3,5,1,172,68,1.0465116279069768,1.0,1.0,1.0,1.0,0.002661124
dmcfa,analysis/benchmarks/benchmarks/sum1x,3,5,1,169,67,1.047337278106509,1.0,1.0,1.0,1.0,0.002660041
dmcfa,analysis/benchmarks/benchmarks/sum2,3,5,1,250,98,1.052,1.0,1.0,1.0,1.0,0.004741193
dmcfa,analysis/benchmarks/benchmarks/sum2b,3,5,1,250,98,1.052,1.0,1.0,1.0,1.0,0.004736985
dmcfa,analysis/benchmarks/benchmarks/sum2c,3,5,1,256,100,1.05078125,1.0,1.0,1.0,1.0,0.004812896
dmcfa,analysis/benchmarks/benchmarks/sum2d,3,5,1,256,100,1.05078125,1.0,1.0,1.0,1.0,0.004816593
dmcfa,analysis/benchmarks/benchmarks/ex1,3,6,1,92,36,1.0434782608695652,1.0,1.0,1.0,1.0,0.00082597
dmcfa,analysis/benchmarks/benchmarks/ex10,3,6,1,115,46,1.0434782608695652,1.0,1.0,1.0,1.0,0.001031023
dmcfa,analysis/benchmarks/benchmarks/ex11,3,6,1,130,52,1.0461538461538462,1.0,1.0,1.0,1.0,0.001205268
dmcfa,analysis/benchmarks/benchmarks/ex12,3,6,1,130,52,1.0461538461538462,1.0,1.0,1.0,1.0,0.001180612
dmcfa,analysis/benchmarks/benchmarks/ex13,3,6,1,145,58,1.0482758620689656,1.0,1.0,1.0,1.0,0.001514825
dmcfa,analysis/benchmarks/benchmarks/ex2,3,6,1,152,60,1.0460526315789473,1.0,1.0,1.0,1.0,0.001479961
dmcfa,analysis/benchmarks/benchmarks/ex201,3,6,1,147,60,1.0408163265306123,1.0,1.0,1.0,1.0,0.00151205
dmcfa,analysis/benchmarks/benchmarks/ex21,3,6,1,178,71,1.0449438202247192,1.0,1.0,1.0,1.0,0.001950599
dmcfa,analysis/benchmarks/benchmarks/ex22,3,6,1,356,139,1.050561797752809,1.0,1.0,1.0,1.0,0.005204948
dmcfa,analysis/benchmarks/benchmarks/ex23,3,6,1,271,110,1.044280442804428,1.0,1.0,1.0,1.0,0.00383353
dmcfa,analysis/benchmarks/benchmarks/ex3,3,6,1,203,81,1.0443349753694582,1.0,1.0,1.0,1.0,0.003016376
dmcfa,analysis/benchmarks/benchmarks/ex30,3,6,1,168,68,1.0416666666666667,1.0,1.0,1.0,1.0,0.002773413
dmcfa,analysis/benchmarks/benchmarks/ex31,3,6,1,264,104,1.0492424242424243,1.0,1.0,1.0,1.0,0.004312984
dmcfa,analysis/benchmarks/benchmarks/ex32,3,6,1,264,104,1.0492424242424243,1.0,1.0,1.0,1.0,0.004146785
dmcfa,analysis/benchmarks/benchmarks/ex33,3,6,1,253,101,1.0474308300395256,1.0,1.0,1.0,1.0,0.0042516
dmcfa,analysis/benchmarks/benchmarks/ex34,3,6,1,253,101,1.0474308300395256,1.0,1.0,1.0,1.0,0.004776919
dmcfa,analysis/benchmarks/benchmarks/ex4,3,6,1,203,81,1.0443349753694582,1.0,1.0,1.0,1.0,0.003351742
dmcfa,analysis/benchmarks/benchmarks/ex41,3,6,1,264,104,1.0492424242424243,1.0,1.0,1.0,1.0,0.004572038
dmcfa,analysis/benchmarks/benchmarks/ex42,3,6,1,264,104,1.0492424242424243,1.0,1.0,1.0,1.0,0.004585152
dmcfa,analysis/benchmarks/benchmarks/ex43,3,6,1,253,101,1.0474308300395256,1.0,1.0,1.0,1.0,0.004561858
dmcfa,analysis/benchmarks/benchmarks/ex44,3,6,1,253,101,1.0474308300395256,1.0,1.0,1.0,1.0,0.004608596
dmcfa,analysis/benchmarks/benchmarks/ex5,3,6,1,383,152,1.0496083550913837,1.0,1.0,1.0,1.0,0.008760239
dmcfa,analysis/benchmarks/benchmarks/ex51,3,6,1,383,152,1.0496083550913837,1.0,1.0,1.0,1.0,0.008718261
dmcfa,analysis/benchmarks/benchmarks/ex52,3,6,1,416,165,1.0504807692307692,1.0,1.0,1.0,1.0,0.009601748
dmcfa,analysis/benchmarks/benchmarks/get-set,3,6,1,465,182,1.049462365591398,1.0,1.0,1.0,1.0,0.016862822
dmcfa,analysis/benchmarks/benchmarks/sum1,3,6,1,169,67,1.047337278106509,1.0,1.0,1.0,1.0,0.002822645
dmcfa,analysis/benchmarks/benchmarks/sum1b,3,6,1,169,67,1.047337278106509,1.0,1.0,1.0,1.0,0.002812475
dmcfa,analysis/benchmarks/benchmarks/sum1c,3,6,1,172,68,1.0465116279069768,1.0,1.0,1.0,1.0,0.067001887
dmcfa,analysis/benchmarks/benchmarks/sum1d,3,6,1,172,68,1.0465116279069768,1.0,1.0,1.0,1.0,0.002674407
dmcfa,analysis/benchmarks/benchmarks/sum1x,3,6,1,169,67,1.047337278106509,1.0,1.0,1.0,1.0,0.002640655
dmcfa,analysis/benchmarks/benchmarks/sum2,3,6,1,250,98,1.052,1.0,1.0,1.0,1.0,0.004722468
dmcfa,analysis/benchmarks/benchmarks/sum2b,3,6,1,250,98,1.052,1.0,1.0,1.0,1.0,0.00470761
dmcfa,analysis/benchmarks/benchmarks/sum2c,3,6,1,256,100,1.05078125,1.0,1.0,1.0,1.0,0.004759767
dmcfa,analysis/benchmarks/benchmarks/sum2d,3,6,1,256,100,1.05078125,1.0,1.0,1.0,1.0,0.004778612
dmcfa,analysis/benchmarks/benchmarks/ex1,4,1,1,92,36,1.0434782608695652,1.0,1.0,1.0,1.0,0.001001819
dmcfa,analysis/benchmarks/benchmarks/ex10,4,1,1,115,46,1.0434782608695652,1.0,1.0,1.0,1.0,0.000865775
dmcfa,analysis/benchmarks/benchmarks/ex11,4,1,1,130,52,1.0461538461538462,1.0,1.0,1.0,1.0,0.00131902
dmcfa,analysis/benchmarks/benchmarks/ex12,4,1,1,130,52,1.0461538461538462,1.0,1.0,1.0,1.0,0.001031955
dmcfa,analysis/benchmarks/benchmarks/ex13,4,1,1,145,58,1.0482758620689656,1.0,1.0,1.0,1.0,0.00125441
dmcfa,analysis/benchmarks/benchmarks/ex2,4,1,1,152,60,1.0460526315789473,1.0,1.0,1.0,1.0,0.001493035
dmcfa,analysis/benchmarks/benchmarks/ex201,4,1,1,147,60,1.0408163265306123,1.0,1.0,1.0,1.0,0.001167899
dmcfa,analysis/benchmarks/benchmarks/ex21,4,1,1,178,71,1.0449438202247192,1.0,1.0,1.0,1.0,0.00161919
dmcfa,analysis/benchmarks/benchmarks/ex22,4,1,0,308,117,1.1103896103896105,1.1367521367521367,2.0,1.3666666666666667,1.1333333333333333,0.004658589
dmcfa,analysis/benchmarks/benchmarks/ex23,4,1,0,243,96,1.0987654320987654,1.125,2.0,1.4210526315789473,1.1136363636363635,0.003783757
dmcfa,analysis/benchmarks/benchmarks/ex3,4,1,1,203,81,1.0443349753694582,1.0,1.0,1.0,1.0,0.002472602
dmcfa,analysis/benchmarks/benchmarks/ex30,4,1,1,168,68,1.0416666666666667,1.0,1.0,1.0,1.0,0.001842256
dmcfa,analysis/benchmarks/benchmarks/ex31,4,1,1,264,104,1.0492424242424243,1.0,1.0,1.0,1.0,0.003388329
dmcfa,analysis/benchmarks/benchmarks/ex32,4,1,1,264,104,1.0492424242424243,1.0,1.0,1.0,1.0,0.003709949
dmcfa,analysis/benchmarks/benchmarks/ex33,4,1,1,253,101,1.0474308300395256,1.0,1.0,1.0,1.0,0.003304453
dmcfa,analysis/benchmarks/benchmarks/ex34,4,1,1,253,101,1.0474308300395256,1.0,1.0,1.0,1.0,0.003603481
dmcfa,analysis/benchmarks/benchmarks/ex4,4,1,1,203,81,1.0443349753694582,1.0,1.0,1.0,1.0,0.002775948
dmcfa,analysis/benchmarks/benchmarks/ex41,4,1,1,264,104,1.0492424242424243,1.0,1.0,1.0,1.0,0.003806169
dmcfa,analysis/benchmarks/benchmarks/ex42,4,1,1,264,104,1.0492424242424243,1.0,1.0,1.0,1.0,0.003848678
dmcfa,analysis/benchmarks/benchmarks/ex43,4,1,1,253,101,1.0474308300395256,1.0,1.0,1.0,1.0,0.003717623
dmcfa,analysis/benchmarks/benchmarks/ex44,4,1,1,253,101,1.0474308300395256,1.0,1.0,1.0,1.0,0.003679673
dmcfa,analysis/benchmarks/benchmarks/ex5,4,1,1,383,152,1.0496083550913837,1.0,1.0,1.0,1.0,0.006998152
dmcfa,analysis/benchmarks/benchmarks/ex51,4,1,1,383,152,1.0496083550913837,1.0,1.0,1.0,1.0,0.007013471
dmcfa,analysis/benchmarks/benchmarks/ex52,4,1,0,407,161,1.054054054054054,1.0062111801242235,1.0,1.0061349693251533,1.0595238095238095,0.007384362
dmcfa,analysis/benchmarks/benchmarks/get-set,4,1,1,465,182,1.049462365591398,1.0,1.0,1.0,1.0,0.011880829
dmcfa,analysis/benchmarks/benchmarks/sum1,4,1,1,169,67,1.047337278106509,1.0,1.0,1.0,1.0,0.002390529
dmcfa,analysis/benchmarks/benchmarks/sum1b,4,1,1,169,67,1.047337278106509,1.0,1.0,1.0,1.0,0.002394035
dmcfa,analysis/benchmarks/benchmarks/sum1c,4,1,1,172,68,1.0465116279069768,1.0,1.0,1.0,1.0,0.002440322
dmcfa,analysis/benchmarks/benchmarks/sum1d,4,1,1,172,68,1.0465116279069768,1.0,1.0,1.0,1.0,0.002468264
dmcfa,analysis/benchmarks/benchmarks/sum1x,4,1,1,169,67,1.047337278106509,1.0,1.0,1.0,1.0,0.002360913
dmcfa,analysis/benchmarks/benchmarks/sum2,4,1,0,225,87,1.0755555555555556,1.0459770114942528,1.3333333333333333,1.0786516853932584,1.1325301204819278,0.003952171
dmcfa,analysis/benchmarks/benchmarks/sum2b,4,1,0,225,87,1.08,1.0574712643678161,1.3333333333333333,1.1123595505617978,1.1325301204819278,0.004028223
dmcfa,analysis/benchmarks/benchmarks/sum2c,4,1,0,245,93,1.0938775510204082,1.086021505376344,1.3333333333333333,1.1030927835051547,1.1704545454545454,0.004541551
dmcfa,analysis/benchmarks/benchmarks/sum2d,4,1,0,245,93,1.0979591836734695,1.096774193548387,1.3333333333333333,1.134020618556701,1.1704545454545454,0.004467232
dmcfa,analysis/benchmarks/benchmarks/ex1,4,2,1,92,36,1.0434782608695652,1.0,1.0,1.0,1.0,0.001082078
dmcfa,analysis/benchmarks/benchmarks/ex10,4,2,1,115,46,1.0434782608695652,1.0,1.0,1.0,1.0,0.001011316
dmcfa,analysis/benchmarks/benchmarks/ex11,4,2,1,130,52,1.0461538461538462,1.0,1.0,1.0,1.0,0.001358273
dmcfa,analysis/benchmarks/benchmarks/ex12,4,2,1,130,52,1.0461538461538462,1.0,1.0,1.0,1.0,0.001144515
dmcfa,analysis/benchmarks/benchmarks/ex13,4,2,1,145,58,1.0482758620689656,1.0,1.0,1.0,1.0,0.001375876
dmcfa,analysis/benchmarks/benchmarks/ex2,4,2,1,152,60,1.0460526315789473,1.0,1.0,1.0,1.0,0.001587982
dmcfa,analysis/benchmarks/benchmarks/ex201,4,2,1,147,60,1.0408163265306123,1.0,1.0,1.0,1.0,0.001376066
dmcfa,analysis/benchmarks/benchmarks/ex21,4,2,1,178,71,1.0449438202247192,1.0,1.0,1.0,1.0,0.001813442
dmcfa,analysis/benchmarks/benchmarks/ex22,4,2,1,356,139,1.050561797752809,1.0,1.0,1.0,1.0,0.00450905
dmcfa,analysis/benchmarks/benchmarks/ex23,4,2,1,271,110,1.044280442804428,1.0,1.0,1.0,1.0,0.003321996
dmcfa,analysis/benchmarks/benchmarks/ex3,4,2,1,203,81,1.0443349753694582,1.0,1.0,1.0,1.0,0.00291691
dmcfa,analysis/benchmarks/benchmarks/ex30,4,2,1,168,68,1.0416666666666667,1.0,1.0,1.0,1.0,0.002191527
dmcfa,analysis/benchmarks/benchmarks/ex31,4,2,1,264,104,1.0492424242424243,1.0,1.0,1.0,1.0,0.00411254
dmcfa,analysis/benchmarks/benchmarks/ex32,4,2,1,264,104,1.0492424242424243,1.0,1.0,1.0,1.0,0.004153567
dmcfa,analysis/benchmarks/benchmarks/ex33,4,2,1,253,101,1.0474308300395256,1.0,1.0,1.0,1.0,0.004023585
dmcfa,analysis/benchmarks/benchmarks/ex34,4,2,1,253,101,1.0474308300395256,1.0,1.0,1.0,1.0,0.004111458
dmcfa,analysis/benchmarks/benchmarks/ex4,4,2,1,203,81,1.0443349753694582,1.0,1.0,1.0,1.0,0.003268907
dmcfa,analysis/benchmarks/benchmarks/ex41,4,2,1,264,104,1.0492424242424243,1.0,1.0,1.0,1.0,0.004417219
dmcfa,analysis/benchmarks/benchmarks/ex42,4,2,1,264,104,1.0492424242424243,1.0,1.0,1.0,1.0,0.004381472
dmcfa,analysis/benchmarks/benchmarks/ex43,4,2,1,253,101,1.0474308300395256,1.0,1.0,1.0,1.0,0.004395468
dmcfa,analysis/benchmarks/benchmarks/ex44,4,2,1,253,101,1.0474308300395256,1.0,1.0,1.0,1.0,0.004359661
dmcfa,analysis/benchmarks/benchmarks/ex5,4,2,1,383,152,1.0496083550913837,1.0,1.0,1.0,1.0,0.008466241
dmcfa,analysis/benchmarks/benchmarks/ex51,4,2,1,383,152,1.0496083550913837,1.0,1.0,1.0,1.0,0.008422138
dmcfa,analysis/benchmarks/benchmarks/ex52,4,2,1,416,165,1.0504807692307692,1.0,1.0,1.0,1.0,0.009068905
dmcfa,analysis/benchmarks/benchmarks/get-set,4,2,1,465,182,1.049462365591398,1.0,1.0,1.0,1.0,0.014080102
dmcfa,analysis/benchmarks/benchmarks/sum1,4,2,1,169,67,1.047337278106509,1.0,1.0,1.0,1.0,0.002681261
dmcfa,analysis/benchmarks/benchmarks/sum1b,4,2,1,169,67,1.047337278106509,1.0,1.0,1.0,1.0,0.002634905
dmcfa,analysis/benchmarks/benchmarks/sum1c,4,2,1,172,68,1.0465116279069768,1.0,1.0,1.0,1.0,0.002763795
dmcfa,analysis/benchmarks/benchmarks/sum1d,4,2,1,172,68,1.0465116279069768,1.0,1.0,1.0,1.0,0.002753295
dmcfa,analysis/benchmarks/benchmarks/sum1x,4,2,1,169,67,1.047337278106509,1.0,1.0,1.0,1.0,0.002665502
dmcfa,analysis/benchmarks/benchmarks/sum2,4,2,1,250,98,1.052,1.0,1.0,1.0,1.0,0.004433388
dmcfa,analysis/benchmarks/benchmarks/sum2b,4,2,1,250,98,1.052,1.0,1.0,1.0,1.0,0.004433319
dmcfa,analysis/benchmarks/benchmarks/sum2c,4,2,1,256,100,1.05078125,1.0,1.0,1.0,1.0,0.004637079
dmcfa,analysis/benchmarks/benchmarks/sum2d,4,2,1,256,100,1.05078125,1.0,1.0,1.0,1.0,0.004684988
dmcfa,analysis/benchmarks/benchmarks/ex1,4,3,1,92,36,1.0434782608695652,1.0,1.0,1.0,1.0,0.000830308
dmcfa,analysis/benchmarks/benchmarks/ex10,4,3,1,115,46,1.0434782608695652,1.0,1.0,1.0,1.0,0.001030692
dmcfa,analysis/benchmarks/benchmarks/ex11,4,3,1,130,52,1.0461538461538462,1.0,1.0,1.0,1.0,0.001383971
dmcfa,analysis/benchmarks/benchmarks/ex12,4,3,1,130,52,1.0461538461538462,1.0,1.0,1.0,1.0,0.001164772
dmcfa,analysis/benchmarks/benchmarks/ex13,4,3,1,145,58,1.0482758620689656,1.0,1.0,1.0,1.0,0.001378521
dmcfa,analysis/benchmarks/benchmarks/ex2,4,3,1,152,60,1.0460526315789473,1.0,1.0,1.0,1.0,0.00158164
dmcfa,analysis/benchmarks/benchmarks/ex201,4,3,1,147,60,1.0408163265306123,1.0,1.0,1.0,1.0,0.00143165
dmcfa,analysis/benchmarks/benchmarks/ex21,4,3,1,178,71,1.0449438202247192,1.0,1.0,1.0,1.0,0.001849369
dmcfa,analysis/benchmarks/benchmarks/ex22,4,3,1,356,139,1.050561797752809,1.0,1.0,1.0,1.0,0.004885422
dmcfa,analysis/benchmarks/benchmarks/ex23,4,3,1,271,110,1.044280442804428,1.0,1.0,1.0,1.0,0.003593152
dmcfa,analysis/benchmarks/benchmarks/ex3,4,3,1,203,81,1.0443349753694582,1.0,1.0,1.0,1.0,0.002955032
dmcfa,analysis/benchmarks/benchmarks/ex30,4,3,1,168,68,1.0416666666666667,1.0,1.0,1.0,1.0,0.002373497
dmcfa,analysis/benchmarks/benchmarks/ex31,4,3,1,264,104,1.0492424242424243,1.0,1.0,1.0,1.0,0.004158767
dmcfa,analysis/benchmarks/benchmarks/ex32,4,3,1,264,104,1.0492424242424243,1.0,1.0,1.0,1.0,0.004355733
dmcfa,analysis/benchmarks/benchmarks/ex33,4,3,1,253,101,1.0474308300395256,1.0,1.0,1.0,1.0,0.0044499
dmcfa,analysis/benchmarks/benchmarks/ex34,4,3,1,253,101,1.0474308300395256,1.0,1.0,1.0,1.0,0.004273781
dmcfa,analysis/benchmarks/benchmarks/ex4,4,3,1,203,81,1.0443349753694582,1.0,1.0,1.0,1.0,0.003362231
dmcfa,analysis/benchmarks/benchmarks/ex41,4,3,1,264,104,1.0492424242424243,1.0,1.0,1.0,1.0,0.004512526
dmcfa,analysis/benchmarks/benchmarks/ex42,4,3,1,264,104,1.0492424242424243,1.0,1.0,1.0,1.0,0.004523837
dmcfa,analysis/benchmarks/benchmarks/ex43,4,3,1,253,101,1.0474308300395256,1.0,1.0,1.0,1.0,0.004485256
dmcfa,analysis/benchmarks/benchmarks/ex44,4,3,1,253,101,1.0474308300395256,1.0,1.0,1.0,1.0,0.004777661
dmcfa,analysis/benchmarks/benchmarks/ex5,4,3,1,383,152,1.0496083550913837,1.0,1.0,1.0,1.0,0.008633542
dmcfa,analysis/benchmarks/benchmarks/ex51,4,3,1,383,152,1.0496083550913837,1.0,1.0,1.0,1.0,0.008735313
dmcfa,analysis/benchmarks/benchmarks/ex52,4,3,1,416,165,1.0504807692307692,1.0,1.0,1.0,1.0,0.00954357
dmcfa,analysis/benchmarks/benchmarks/get-set,4,3,1,465,182,1.049462365591398,1.0,1.0,1.0,1.0,0.015337326
dmcfa,analysis/benchmarks/benchmarks/sum1,4,3,1,169,67,1.047337278106509,1.0,1.0,1.0,1.0,0.002764797
dmcfa,analysis/benchmarks/benchmarks/sum1b,4,3,1,169,67,1.047337278106509,1.0,1.0,1.0,1.0,0.002695147
dmcfa,analysis/benchmarks/benchmarks/sum1c,4,3,1,172,68,1.0465116279069768,1.0,1.0,1.0,1.0,0.002750439
dmcfa,analysis/benchmarks/benchmarks/sum1d,4,3,1,172,68,1.0465116279069768,1.0,1.0,1.0,1.0,0.002770017
dmcfa,analysis/benchmarks/benchmarks/sum1x,4,3,1,169,67,1.047337278106509,1.0,1.0,1.0,1.0,0.002693284
dmcfa,analysis/benchmarks/benchmarks/sum2,4,3,1,250,98,1.052,1.0,1.0,1.0,1.0,0.004735432
dmcfa,analysis/benchmarks/benchmarks/sum2b,4,3,1,250,98,1.052,1.0,1.0,1.0,1.0,0.0047452
dmcfa,analysis/benchmarks/benchmarks/sum2c,4,3,1,256,100,1.05078125,1.0,1.0,1.0,1.0,0.004847541
dmcfa,analysis/benchmarks/benchmarks/sum2d,4,3,1,256,100,1.05078125,1.0,1.0,1.0,1.0,0.004856428
dmcfa,analysis/benchmarks/benchmarks/ex1,4,4,1,92,36,1.0434782608695652,1.0,1.0,1.0,1.0,0.000838785
dmcfa,analysis/benchmarks/benchmarks/ex10,4,4,1,115,46,1.0434782608695652,1.0,1.0,1.0,1.0,0.00132464
dmcfa,analysis/benchmarks/benchmarks/ex11,4,4,1,130,52,1.0461538461538462,1.0,1.0,1.0,1.0,0.001216188
dmcfa,analysis/benchmarks/benchmarks/ex12,4,4,1,130,52,1.0461538461538462,1.0,1.0,1.0,1.0,0.001351881
dmcfa,analysis/benchmarks/benchmarks/ex13,4,4,1,145,58,1.0482758620689656,1.0,1.0,1.0,1.0,0.001385253
dmcfa,analysis/benchmarks/benchmarks/ex2,4,4,1,152,60,1.0460526315789473,1.0,1.0,1.0,1.0,0.001569146
dmcfa,analysis/benchmarks/benchmarks/ex201,4,4,1,147,60,1.0408163265306123,1.0,1.0,1.0,1.0,0.001620943
dmcfa,analysis/benchmarks/benchmarks/ex21,4,4,1,178,71,1.0449438202247192,1.0,1.0,1.0,1.0,0.001837827
dmcfa,analysis/benchmarks/benchmarks/ex22,4,4,1,356,139,1.050561797752809,1.0,1.0,1.0,1.0,0.004993683
dmcfa,analysis/benchmarks/benchmarks/ex23,4,4,1,271,110,1.044280442804428,1.0,1.0,1.0,1.0,0.003687288
dmcfa,analysis/benchmarks/benchmarks/ex3,4,4,1,203,81,1.0443349753694582,1.0,1.0,1.0,1.0,0.003175102
dmcfa,analysis/benchmarks/benchmarks/ex30,4,4,1,168,68,1.0416666666666667,1.0,1.0,1.0,1.0,0.002346166
dmcfa,analysis/benchmarks/benchmarks/ex31,4,4,1,264,104,1.0492424242424243,1.0,1.0,1.0,1.0,0.004178634
dmcfa,analysis/benchmarks/benchmarks/ex32,4,4,1,264,104,1.0492424242424243,1.0,1.0,1.0,1.0,0.004358329
dmcfa,analysis/benchmarks/benchmarks/ex33,4,4,1,253,101,1.0474308300395256,1.0,1.0,1.0,1.0,0.004441534
dmcfa,analysis/benchmarks/benchmarks/ex34,4,4,1,253,101,1.0474308300395256,1.0,1.0,1.0,1.0,0.00427851
dmcfa,analysis/benchmarks/benchmarks/ex4,4,4,1,203,81,1.0443349753694582,1.0,1.0,1.0,1.0,0.003363594
dmcfa,analysis/benchmarks/benchmarks/ex41,4,4,1,264,104,1.0492424242424243,1.0,1.0,1.0,1.0,0.00454663
dmcfa,analysis/benchmarks/benchmarks/ex42,4,4,1,264,104,1.0492424242424243,1.0,1.0,1.0,1.0,0.004553283
dmcfa,analysis/benchmarks/benchmarks/ex43,4,4,1,253,101,1.0474308300395256,1.0,1.0,1.0,1.0,0.004773113
dmcfa,analysis/benchmarks/benchmarks/ex44,4,4,1,253,101,1.0474308300395256,1.0,1.0,1.0,1.0,0.004747966
dmcfa,analysis/benchmarks/benchmarks/ex5,4,4,1,383,152,1.0496083550913837,1.0,1.0,1.0,1.0,0.008745933
dmcfa,analysis/benchmarks/benchmarks/ex51,4,4,1,383,152,1.0496083550913837,1.0,1.0,1.0,1.0,0.00863216
dmcfa,analysis/benchmarks/benchmarks/ex52,4,4,1,416,165,1.0504807692307692,1.0,1.0,1.0,1.0,0.009872784
dmcfa,analysis/benchmarks/benchmarks/get-set,4,4,1,465,182,1.049462365591398,1.0,1.0,1.0,1.0,0.016191029
dmcfa,analysis/benchmarks/benchmarks/sum1,4,4,1,169,67,1.047337278106509,1.0,1.0,1.0,1.0,0.002707409
dmcfa,analysis/benchmarks/benchmarks/sum1b,4,4,1,169,67,1.047337278106509,1.0,1.0,1.0,1.0,0.002695076
dmcfa,analysis/benchmarks/benchmarks/sum1c,4,4,1,172,68,1.0465116279069768,1.0,1.0,1.0,1.0,0.002786617
dmcfa,analysis/benchmarks/benchmarks/sum1d,4,4,1,172,68,1.0465116279069768,1.0,1.0,1.0,1.0,0.002737034
dmcfa,analysis/benchmarks/benchmarks/sum1x,4,4,1,169,67,1.047337278106509,1.0,1.0,1.0,1.0,0.002687112
dmcfa,analysis/benchmarks/benchmarks/sum2,4,4,1,250,98,1.052,1.0,1.0,1.0,1.0,0.004810943
dmcfa,analysis/benchmarks/benchmarks/sum2b,4,4,1,250,98,1.052,1.0,1.0,1.0,1.0,0.004839006
dmcfa,analysis/benchmarks/benchmarks/sum2c,4,4,1,256,100,1.05078125,1.0,1.0,1.0,1.0,0.004880784
dmcfa,analysis/benchmarks/benchmarks/sum2d,4,4,1,256,100,1.05078125,1.0,1.0,1.0,1.0,0.004864453
dmcfa,analysis/benchmarks/benchmarks/ex1,4,5,1,92,36,1.0434782608695652,1.0,1.0,1.0,1.0,0.000824888
dmcfa,analysis/benchmarks/benchmarks/ex10,4,5,1,115,46,1.0434782608695652,1.0,1.0,1.0,1.0,0.001273115
dmcfa,analysis/benchmarks/benchmarks/ex11,4,5,1,130,52,1.0461538461538462,1.0,1.0,1.0,1.0,0.001218242
dmcfa,analysis/benchmarks/benchmarks/ex12,4,5,1,130,52,1.0461538461538462,1.0,1.0,1.0,1.0,0.001322777
dmcfa,analysis/benchmarks/benchmarks/ex13,4,5,1,145,58,1.0482758620689656,1.0,1.0,1.0,1.0,0.001368863
dmcfa,analysis/benchmarks/benchmarks/ex2,4,5,1,152,60,1.0460526315789473,1.0,1.0,1.0,1.0,0.001528831
dmcfa,analysis/benchmarks/benchmarks/ex201,4,5,1,147,60,1.0408163265306123,1.0,1.0,1.0,1.0,0.001562093
dmcfa,analysis/benchmarks/benchmarks/ex21,4,5,1,178,71,1.0449438202247192,1.0,1.0,1.0,1.0,0.002045505
dmcfa,analysis/benchmarks/benchmarks/ex22,4,5,1,356,139,1.050561797752809,1.0,1.0,1.0,1.0,0.004907534
dmcfa,analysis/benchmarks/benchmarks/ex23,4,5,1,271,110,1.044280442804428,1.0,1.0,1.0,1.0,0.003639819
dmcfa,analysis/benchmarks/benchmarks/ex3,4,5,1,203,81,1.0443349753694582,1.0,1.0,1.0,1.0,0.003091877
dmcfa,analysis/benchmarks/benchmarks/ex30,4,5,1,168,68,1.0416666666666667,1.0,1.0,1.0,1.0,0.002327671
dmcfa,analysis/benchmarks/benchmarks/ex31,4,5,1,264,104,1.0492424242424243,1.0,1.0,1.0,1.0,0.004421507
dmcfa,analysis/benchmarks/benchmarks/ex32,4,5,1,264,104,1.0492424242424243,1.0,1.0,1.0,1.0,0.004264444
dmcfa,analysis/benchmarks/benchmarks/ex33,4,5,1,253,101,1.0474308300395256,1.0,1.0,1.0,1.0,0.004406789
dmcfa,analysis/benchmarks/benchmarks/ex34,4,5,1,253,101,1.0474308300395256,1.0,1.0,1.0,1.0,0.004229218
dmcfa,analysis/benchmarks/benchmarks/ex4,4,5,1,203,81,1.0443349753694582,1.0,1.0,1.0,1.0,0.003289195
dmcfa,analysis/benchmarks/benchmarks/ex41,4,5,1,264,104,1.0492424242424243,1.0,1.0,1.0,1.0,0.004487469
dmcfa,analysis/benchmarks/benchmarks/ex42,4,5,1,264,104,1.0492424242424243,1.0,1.0,1.0,1.0,0.004726475
dmcfa,analysis/benchmarks/benchmarks/ex43,4,5,1,253,101,1.0474308300395256,1.0,1.0,1.0,1.0,0.00471807
dmcfa,analysis/benchmarks/benchmarks/ex44,4,5,1,253,101,1.0474308300395256,1.0,1.0,1.0,1.0,0.004745882
dmcfa,analysis/benchmarks/benchmarks/ex5,4,5,1,383,152,1.0496083550913837,1.0,1.0,1.0,1.0,0.008859333
dmcfa,analysis/benchmarks/benchmarks/ex51,4,5,1,383,152,1.0496083550913837,1.0,1.0,1.0,1.0,0.008672736
dmcfa,analysis/benchmarks/benchmarks/ex52,4,5,1,416,165,1.0504807692307692,1.0,1.0,1.0,1.0,0.009829784
dmcfa,analysis/benchmarks/benchmarks/get-set,4,5,1,465,182,1.049462365591398,1.0,1.0,1.0,1.0,0.016884482
dmcfa,analysis/benchmarks/benchmarks/sum1,4,5,1,169,67,1.047337278106509,1.0,1.0,1.0,1.0,0.002784143
dmcfa,analysis/benchmarks/benchmarks/sum1b,4,5,1,169,67,1.047337278106509,1.0,1.0,1.0,1.0,0.002716707
dmcfa,analysis/benchmarks/benchmarks/sum1c,4,5,1,172,68,1.0465116279069768,1.0,1.0,1.0,1.0,0.002767792
dmcfa,analysis/benchmarks/benchmarks/sum1d,4,5,1,172,68,1.0465116279069768,1.0,1.0,1.0,1.0,0.002756501
dmcfa,analysis/benchmarks/benchmarks/sum1x,4,5,1,169,67,1.047337278106509,1.0,1.0,1.0,1.0,0.002726004
dmcfa,analysis/benchmarks/benchmarks/sum2,4,5,1,250,98,1.052,1.0,1.0,1.0,1.0,0.00486267
dmcfa,analysis/benchmarks/benchmarks/sum2b,4,5,1,250,98,1.052,1.0,1.0,1.0,1.0,0.00484154
dmcfa,analysis/benchmarks/benchmarks/sum2c,4,5,1,256,100,1.05078125,1.0,1.0,1.0,1.0,0.004892895
dmcfa,analysis/benchmarks/benchmarks/sum2d,4,5,1,256,100,1.05078125,1.0,1.0,1.0,1.0,0.004912282
dmcfa,analysis/benchmarks/benchmarks/ex1,4,6,1,92,36,1.0434782608695652,1.0,1.0,1.0,1.0,0.000828405
dmcfa,analysis/benchmarks/benchmarks/ex10,4,6,1,115,46,1.0434782608695652,1.0,1.0,1.0,1.0,0.00127651
dmcfa,analysis/benchmarks/benchmarks/ex11,4,6,1,130,52,1.0461538461538462,1.0,1.0,1.0,1.0,0.00121178
dmcfa,analysis/benchmarks/benchmarks/ex12,4,6,1,130,52,1.0461538461538462,1.0,1.0,1.0,1.0,0.001331453
dmcfa,analysis/benchmarks/benchmarks/ex13,4,6,1,145,58,1.0482758620689656,1.0,1.0,1.0,1.0,0.001550472
dmcfa,analysis/benchmarks/benchmarks/ex2,4,6,1,152,60,1.0460526315789473,1.0,1.0,1.0,1.0,0.001473458
dmcfa,analysis/benchmarks/benchmarks/ex201,4,6,1,147,60,1.0408163265306123,1.0,1.0,1.0,1.0,0.001532208
dmcfa,analysis/benchmarks/benchmarks/ex21,4,6,1,178,71,1.0449438202247192,1.0,1.0,1.0,1.0,0.001956639
dmcfa,analysis/benchmarks/benchmarks/ex22,4,6,1,356,139,1.050561797752809,1.0,1.0,1.0,1.0,0.004855286
dmcfa,analysis/benchmarks/benchmarks/ex23,4,6,1,271,110,1.044280442804428,1.0,1.0,1.0,1.0,0.0038817
dmcfa,analysis/benchmarks/benchmarks/ex3,4,6,1,203,81,1.0443349753694582,1.0,1.0,1.0,1.0,0.003025974
dmcfa,analysis/benchmarks/benchmarks/ex30,4,6,1,168,68,1.0416666666666667,1.0,1.0,1.0,1.0,0.002286795
dmcfa,analysis/benchmarks/benchmarks/ex31,4,6,1,264,104,1.0492424242424243,1.0,1.0,1.0,1.0,0.004399165
dmcfa,analysis/benchmarks/benchmarks/ex32,4,6,1,264,104,1.0492424242424243,1.0,1.0,1.0,1.0,0.004193141
dmcfa,analysis/benchmarks/benchmarks/ex33,4,6,1,253,101,1.0474308300395256,1.0,1.0,1.0,1.0,0.004315349
dmcfa,analysis/benchmarks/benchmarks/ex34,4,6,1,253,101,1.0474308300395256,1.0,1.0,1.0,1.0,0.004408262
dmcfa,analysis/benchmarks/benchmarks/ex4,4,6,1,203,81,1.0443349753694582,1.0,1.0,1.0,1.0,0.003216019
dmcfa,analysis/benchmarks/benchmarks/ex41,4,6,1,264,104,1.0492424242424243,1.0,1.0,1.0,1.0,0.004660342
dmcfa,analysis/benchmarks/benchmarks/ex42,4,6,1,264,104,1.0492424242424243,1.0,1.0,1.0,1.0,0.00467015
dmcfa,analysis/benchmarks/benchmarks/ex43,4,6,1,253,101,1.0474308300395256,1.0,1.0,1.0,1.0,0.004648309
dmcfa,analysis/benchmarks/benchmarks/ex44,4,6,1,253,101,1.0474308300395256,1.0,1.0,1.0,1.0,0.004639604
dmcfa,analysis/benchmarks/benchmarks/ex5,4,6,1,383,152,1.0496083550913837,1.0,1.0,1.0,1.0,0.009075878
dmcfa,analysis/benchmarks/benchmarks/ex51,4,6,1,383,152,1.0496083550913837,1.0,1.0,1.0,1.0,0.008868461
dmcfa,analysis/benchmarks/benchmarks/ex52,4,6,1,416,165,1.0504807692307692,1.0,1.0,1.0,1.0,0.009712936
dmcfa,analysis/benchmarks/benchmarks/get-set,4,6,1,465,182,1.049462365591398,1.0,1.0,1.0,1.0,0.017039721
dmcfa,analysis/benchmarks/benchmarks/sum1,4,6,1,169,67,1.047337278106509,1.0,1.0,1.0,1.0,0.00262719
dmcfa,analysis/benchmarks/benchmarks/sum1b,4,6,1,169,67,1.047337278106509,1.0,1.0,1.0,1.0,0.002604458
dmcfa,analysis/benchmarks/benchmarks/sum1c,4,6,1,172,68,1.0465116279069768,1.0,1.0,1.0,1.0,0.002694777
dmcfa,analysis/benchmarks/benchmarks/sum1d,4,6,1,172,68,1.0465116279069768,1.0,1.0,1.0,1.0,0.002689717
dmcfa,analysis/benchmarks/benchmarks/sum1x,4,6,1,169,67,1.047337278106509,1.0,1.0,1.0,1.0,0.002658588
dmcfa,analysis/benchmarks/benchmarks/sum2,4,6,1,250,98,1.052,1.0,1.0,1.0,1.0,0.004744349
dmcfa,analysis/benchmarks/benchmarks/sum2b,4,6,1,250,98,1.052,1.0,1.0,1.0,1.0,0.004853713
dmcfa,analysis/benchmarks/benchmarks/sum2c,4,6,1,256,100,1.05078125,1.0,1.0,1.0,1.0,0.004823366
dmcfa,analysis/benchmarks/benchmarks/sum2d,4,6,1,256,100,1.05078125,1.0,1.0,1.0,1.0,0.004853493

